STD_YM,STD_YMD,festival_no,분석기준일,MAN_10,MAN_20,MAN_30,MAN_40,MAN_50,MAN_60,WMAN_10,WMAN_20,WMAN_30,WMAN_40,WMAN_50,WMAN_60
201509,20150904,1,d-day,1217.15999999994,3188.4500000003304,6120.520000000861,6131.13000000072,4262.58000000034,2395.04000000002,3858.7700000001896,4269.92000000042,3779.4800000002797,3471.84000000029,2341.4500000000303,1530.76999999987
201509,20150905,2,d-day,1173.80999999984,4622.71000000294,5029.26000000302,4147.6500000016995,4495.33000000211,3288.1900000013297,1161.58999999984,4198.57000000231,3599.39000000155,3106.6800000010603,3383.2600000012603,2326.4700000003
201509,20150905,3,d-day,3904.7900000008794,13869.850000003999,11676.680000003998,9477.21000000327,8666.8800000025,6744.640000002641,5001.9500000013795,17556.910000001,11298.5500000041,10515.2500000036,8505.71000000239,5659.74000000214
201509,20150905,4,d-day,2811.10000000026,5050.99000000262,8213.51000000403,8580.42000000445,8163.06000000374,6030.55000000319,2885.84000000027,5134.95000000291,7582.51000000417,7727.37000000378,7748.3600000036095,5205.67000000237
201509,20150915,5,d-day,1233.44999999981,3522.8000000002703,7951.17000000146,8868.44000000215,6854.50000000157,4948.63000000104,1406.5199999997599,4622.160000000539,5420.550000000971,5325.78000000085,4550.74000000072,3201.63000000029
201509,20150915,6,d-day,2207.33999999993,10303.6900000031,24336.8200000025,28007.8400000005,20901.9500000008,15103.440000005301,3345.10000000037,13811.1000000049,16111.9500000052,16264.3900000047,13942.280000004099,9480.53000000293
201509,20150919,7,d-day,1129.72999999989,1171.9999999997801,1912.3599999996698,2415.83999999986,2072.82999999969,1584.76999999974,1216.73999999987,1365.24999999973,1795.9599999997,2451.74999999995,1675.40999999974,1319.3999999998
201509,20150927,8,d-day,1065.87999999989,2692.3400000002102,3909.3300000005897,4170.21000000065,3267.4200000007104,2955.85000000052,1042.42999999988,2655.46000000025,3873.3800000005895,4085.51000000063,3253.71000000052,2673.1500000002898
201510,20151001,9,d-day,3618.69000000111,19888.899999996498,16086.1800000046,12865.330000003602,8900.450000002551,5663.64000000165,5590.61000000165,21084.9399999971,11032.5200000036,8870.5900000021,6303.98000000165,4609.06000000142
201510,20151002,10,d-day,4329.14000000114,12090.840000003998,11705.750000003998,10663.8400000035,8993.34000000279,7503.77000000278,4920.2200000015,16529.950000003202,12267.880000003799,10409.8400000033,8224.89000000214,6383.6800000023495
201510,20151002,11,d-day,1605.77999999971,10728.7600000026,17490.5500000034,21635.0600000017,17794.2600000027,10964.1000000032,2124.6499999997304,10401.910000002701,10488.7000000031,10470.4200000026,8432.540000002042,5700.9400000014
201510,20151009,12,d-day,1588.44999999974,2197.70999999998,4023.86000000134,4818.16000000183,3613.0700000011298,2823.8400000007896,1832.83999999971,2488.6900000005103,5093.37000000189,4760.29000000171,3181.1800000008598,2680.1100000006304
201510,20151010,13,d-day,1516.5199999998401,2802.43000000055,4748.29000000151,4504.51000000116,4841.6200000013505,3246.2100000005603,1473.88999999984,2637.4000000003302,3882.77000000105,3942.7800000009206,4676.48000000149,3041.9000000005394
201510,20151023,14,d-day,3938.59000000055,12255.8000000028,28841.9900000037,33265.4800000027,22268.8200000037,12353.9600000032,6801.1400000013,17309.9600000032,22211.1800000038,19135.610000003202,13219.8900000029,7827.420000001791
201510,20151025,15,d-day,1236.21999999987,2145.55999999992,3167.2000000005396,2940.9500000004,2680.74000000035,2515.4200000002697,1492.07999999983,2476.85000000015,2947.41000000038,2864.6800000003495,2676.7700000003197,2404.53000000014
201510,20151029,16,d-day,1451.1399999997598,7936.550000001659,19797.5400000041,22675.1000000036,14656.7800000032,7463.55000000167,3231.7100000005394,11672.6300000025,14659.6300000033,12398.240000002901,8414.39000000147,4850.84000000079
201510,20151029,17,d-day,1451.1399999997598,7936.550000001659,19797.5400000041,22675.1000000036,14656.7800000032,7463.55000000167,3231.7100000005394,11672.6300000025,14659.6300000033,12398.240000002901,8414.39000000147,4850.84000000079
201510,20151031,18,d-day,4233.32000000015,20888.290000001798,23347.1600000023,21423.0000000024,18411.7000000019,13498.980000001598,6124.62000000033,24272.5900000023,20448.4600000027,18912.9100000019,14827.160000001599,8783.29000000096
201510,20151031,19,d-day,6298.1500000017795,4983.6400000022995,5929.41000000302,8986.12000000373,7104.880000002859,4295.7500000016,6607.94000000205,5403.51000000258,6865.76000000343,12046.8900000045,7499.83000000254,4665.60000000202
201511,20151106,20,d-day,3202.0799999999103,30691.7500000021,63484.110000002096,65991.1800000001,44509.0900000017,26247.530000002596,6629.20000000045,43364.160000002004,47149.1600000026,36387.0000000028,26949.7200000025,17087.8200000022
201511,20151109,21,d-day,1931.60999999975,23026.070000002,56140.120000002404,61594.200000001394,41538.950000002405,23738.1500000029,4083.9400000001096,33201.8000000028,37544.8700000023,29347.350000002403,22455.4200000021,14701.3800000023
201511,20151117,22,d-day,1259.35999999982,3538.3700000002204,7572.62000000178,8330.71000000176,6509.190000001371,4732.7100000009,1396.09999999975,4694.71000000073,5287.66000000096,5008.21000000082,4493.70000000077,3290.22000000032
201511,20151118,23,d-day,3450.30000000019,14604.570000001999,35574.9700000007,34725.6000000001,21778.8100000005,11594.570000002199,3724.48000000031,20619.3700000006,22547.37,17415.4800000008,11980.1800000017,7738.4500000013795
201511,20151120,24,d-day,1055.4699999999,7654.68000000052,19155.6300000027,20338.530000002702,14336.500000002901,7573.100000001609,1504.2899999998099,10112.3800000013,11016.060000002,8147.910000000941,6236.92000000052,3857.80000000021
201511,20151125,25,d-day,4517.41000000101,23300.919999997797,17476.5300000003,13491.7300000038,9526.990000002479,6080.75000000157,8750.19000000165,27034.5299999974,13301.640000003601,10208.7300000024,7526.96000000141,5038.89000000121
201512,20151202,26,d-day,2637.90000000015,9440.400000001659,24013.609999999902,22903.7099999998,13850.400000001999,7677.1700000009705,2314.21000000003,13036.3400000018,14737.6300000022,10783.7300000016,7503.850000000891,5178.38000000052
201512,20151205,27,d-day,2387.56000000013,4974.32000000265,7039.3700000041,7148.8600000029,6357.7800000031,4163.08000000138,2251.36999999992,4734.46000000252,5946.69000000343,5662.11000000235,5030.59000000246,3726.5200000012
201512,20151205,28,d-day,2737.13000000042,6429.9600000049095,6161.92000000397,6445.12000000365,5165.3500000023105,3637.0000000010705,2905.96000000069,7656.54000000533,5754.55000000386,6496.03000000378,5063.27000000249,3614.9100000010703
201512,20151211,29,d-day,2775.68000000014,12804.4800000029,23112.309999998903,19716.5400000006,12491.8000000028,8145.210000002009,3291.56000000033,20476.6399999992,21729.309999998997,15022.7600000027,10277.8900000021,7495.180000002191
201512,20151211,30,d-day,6951.150000001569,28419.8199999991,25503.6999999986,19185.3799999997,13295.340000003998,8808.2300000022,11759.810000003301,36729.2499999985,21679.8199999988,15823.7700000036,10950.6200000033,7384.250000001659
201512,20151220,31,d-day,1545.51999999974,5314.71000000086,4971.07000000084,5073.32000000079,5548.560000001071,4075.2800000006896,2358.5799999999804,4795.3800000009005,3776.3100000005998,4013.9600000005394,4138.82000000059,3091.5200000003697
201512,20151226,32,d-day,9759.58000000381,3036.56000000024,2853.9400000000396,3644.25000000115,3302.80000000073,2305.38999999995,12042.9600000035,2734.96999999995,2687.50999999998,4710.66000000173,3054.15000000025,2311.05999999983
201512,20151231,33,d-day,4078.73000000036,13049.4400000015,23480.9999999995,20189.8100000003,13100.4700000019,7315.13000000121,5149.6400000004605,16664.0000000017,16744.7700000019,12607.160000001999,8027.88000000091,5319.20000000069
201601,20160101,34,d-day,266.449999999992,466.259999999953,650.569999999915,724.579999999927,1021.7799999999,834.889999999925,172.23000000000098,618.70999999994,510.759999999954,704.489999999927,805.269999999935,537.809999999957
201601,20160101,35,d-day,1042.45999999989,2405.25000000023,2940.86000000078,2778.89000000049,2403.6300000001897,2168.72999999999,924.009999999902,2224.02000000002,2767.64000000061,2749.8500000005897,2521.22000000043,2431.1500000003102
201601,20160101,36,d-day,124.45000000000499,320.709999999968,408.919999999953,417.61999999995794,440.979999999963,381.78999999997103,104.900000000004,290.139999999981,359.449999999966,419.919999999961,341.429999999977,290.30999999998903
201601,20160101,37,d-day,1808.89999999982,3074.56000000048,5001.82000000228,4930.51000000185,5214.74000000198,4610.60000000155,1413.82999999984,3203.2300000007695,4453.67000000163,4450.820000001379,4951.38000000182,4137.2400000012
201601,20160101,38,d-day,2845.68000000013,11188.7700000031,11704.9600000028,10864.2000000027,8848.790000002,7444.730000001529,4112.170000000399,13484.180000003,11134.0600000029,11063.0000000027,7542.84000000158,5865.860000001539
201602,20160208,39,d-day,498.75999999995696,2037.7699999995998,2726.43000000019,2562.54000000006,2360.0400000000304,2228.55999999995,597.449999999929,1846.70999999962,2354.02999999991,2367.95999999995,2364.93999999999,1876.8999999997197
201603,20160301,40,d-day,209103.0,209617.0,338424.0,481506.0,369755.0,355136.0,194224.0,267271.0,411416.0,510677.0,366605.0,347204.0
201603,20160327,41,d-day,41994.0,100489.0,162104.0,167551.0,158449.0,133042.0,73112.0,141960.0,149805.0,140062.0,130455.0,102817.0
201604,20160401,42,d-day,785798.0,1579900.0,2269494.0,2491016.0,2081044.0,1682544.0,1027950.0,1652160.0,2043790.0,2164010.0,2005806.0,1696410.0
201604,20160404,43,d-day,137432.0,730734.0,1745258.0,1987758.0,1709884.0,1439804.0,188130.0,993800.0,1145032.0,964638.0,838950.0,790376.0
201604,20160409,44,d-day,648628.0,1949574.0,1746326.0,1549760.0,1635452.0,1503254.0,897252.0,2224242.0,1215058.0,1163972.0,1114502.0,1065102.0
201604,20160414,45,d-day,129844.0,866768.0,2519970.0,2989872.0,2440838.0,1977766.0,155322.0,993986.0,1413966.0,1228132.0,1064094.0,965912.0
201604,20160416,46,d-day,2889510.0,2521364.0,3230472.0,3888546.0,3540184.0,2388754.0,2901562.0,2734978.0,3469662.0,5557872.0,3511076.0,2133326.0
201604,20160416,47,d-day,439394.0,493390.0,743276.0,892404.0,964268.0,846946.0,471194.0,698486.0,727018.0,1013296.0,978768.0,863842.0
201604,20160426,48,d-day,265068.0,1425634.0,2422206.0,3204786.0,2934230.0,2103568.0,346954.0,1549696.0,1572648.0,1600404.0,1342888.0,1057838.0
201605,20160501,49,d-day,42533.0,223375.0,218205.0,231202.0,240462.0,315564.0,52252.0,201862.0,164320.0,161303.0,177341.0,160463.0
201605,20160504,50,d-day,123172.0,272788.0,654906.0,642023.0,431100.0,299031.0,97423.0,375468.0,433275.0,340375.0,229932.0,179631.0
201605,20160505,51,d-day,117794.0,202797.0,255194.0,265698.0,191736.0,191380.0,95316.0,226832.0,285445.0,248142.0,158726.0,156992.0
201605,20160506,52,d-day,59889.0,155724.0,224641.0,227210.0,235528.0,149115.0,59134.0,149129.0,169978.0,173233.0,168240.0,122677.0
201605,20160506,53,d-day,82644.0,313561.0,520101.0,412639.0,322985.0,262796.0,96683.0,450129.0,505673.0,375163.0,281721.0,247868.0
201605,20160507,54,d-day,236979.0,1009727.0,522961.0,349999.0,318403.0,280427.0,305736.0,1058951.0,457697.0,397522.0,352733.0,257354.0
201605,20160507,55,d-day,57802.0,161089.0,180869.0,151445.0,146628.0,105800.0,64990.0,167924.0,158630.0,150003.0,140737.0,100222.0
201605,20160507,56,d-day,106507.0,356134.0,450610.0,419076.0,369551.0,346580.0,161552.0,482512.0,474056.0,447829.0,362051.0,291474.0
201605,20160513,57,d-day,99379.0,245524.0,586747.0,570344.0,395688.0,283267.0,80850.0,326709.0,396817.0,312208.0,214611.0,181515.0
201605,20160514,58,d-day,73666.0,151719.0,270943.0,273450.0,262868.0,206900.0,80911.0,186753.0,223964.0,238271.0,215541.0,166233.0
201605,20160514,59,d-day,115063.0,142128.0,195483.0,216915.0,193378.0,158529.0,119902.0,167705.0,176653.0,225200.0,146641.0,133843.0
201605,20160515,60,d-day,81131.0,124386.0,169706.0,193852.0,170349.0,165355.0,87529.0,135690.0,178249.0,201170.0,145360.0,143353.0
201605,20160515,61,d-day,82588.0,144373.0,230680.0,247042.0,221687.0,175379.0,73721.0,120773.0,183172.0,205752.0,169513.0,146879.0
201605,20160519,62,d-day,82513.0,355035.0,576977.0,731205.0,663305.0,493955.0,100315.0,399750.0,401827.0,396221.0,325202.0,250261.0
201605,20160520,63,d-day,200581.0,505775.0,1098766.0,1184602.0,848620.0,574350.0,243426.0,766253.0,893046.0,744698.0,513196.0,376389.0
201605,20160520,64,d-day,260698.0,396006.0,637099.0,717523.0,839323.0,760699.0,249042.0,409190.0,620889.0,763126.0,980032.0,770953.0
201605,20160527,65,d-day,164676.0,373054.0,825257.0,968346.0,746922.0,521780.0,304207.0,590472.0,698771.0,673209.0,484411.0,374350.0
201605,20160527,66,d-day,101801.0,473340.0,1090024.0,1196162.0,851937.0,564597.0,180651.0,738627.0,861514.0,712087.0,498208.0,357331.0
201605,20160528,67,d-day,59380.0,172604.0,200372.0,167261.0,160818.0,108598.0,66138.0,188809.0,168680.0,154455.0,150317.0,101056.0
201606,20160617,68,d-day,3601.7699999999395,17959.0500000039,30626.130000004,27308.3400000029,25031.5400000014,19632.6300000028,3318.6999999999202,19041.0900000044,23221.550000004197,21913.1600000037,19996.4200000035,13484.490000003501
201606,20160618,69,d-day,2694.51999999987,14060.620000000701,19673.530000001,17011.6500000016,15110.2100000013,13112.230000000902,3522.90000000002,18779.1500000005,19732.7400000009,17016.420000001002,14782.3300000008,11064.5700000007
201606,20160618,70,d-day,2525.4400000001,8828.970000004341,7077.0400000029,6315.4800000021205,6024.45000000241,5120.85000000186,3293.9300000005796,14190.6600000051,7389.370000003,6805.200000002429,6137.3100000023205,5091.2400000018
201606,20160618,71,d-day,2562.54000000023,4192.84000000151,6138.510000002349,6042.75000000208,4603.11000000118,4001.9400000006203,3401.05000000083,5130.9500000025,5243.44000000206,5217.01000000159,3730.58000000056,3242.6200000005397
201607,20160701,72,d-day,3575.6800000005896,3646.6900000008704,6865.69000000301,7663.570000003149,6007.080000002571,4631.60000000152,3226.9100000003996,4081.8200000012203,5814.69000000215,7328.7900000028,5274.050000001789,4632.6300000014
201607,20160714,73,d-day,2141.04999999978,7751.100000005071,8520.82000000463,8356.75000000322,6077.00000000251,4331.15000000123,2752.4900000003304,9159.52000000542,7012.65000000384,6288.52000000261,4667.3600000017295,3802.36000000085
201509,20150911,1,a1,284.669999999997,1016.55999999991,2372.7200000001003,2293.35000000001,1556.36999999983,952.2399999999199,251.279999999999,1240.09999999989,1470.1599999998498,1287.9099999999,929.999999999942,646.339999999958
201509,20150912,2,a1,1254.11999999981,4706.030000003239,4774.410000002829,4077.1400000015296,4126.010000001621,3118.2600000010802,1409.43999999978,4572.3800000029105,3619.66000000155,3236.73000000111,3304.4500000013204,2337.56000000031
201509,20150912,3,a1,3831.22000000085,14622.700000004299,11946.6400000042,10104.2700000035,8748.17000000256,6906.820000002479,4916.86000000155,18808.6300000003,12406.4100000043,10772.3200000034,8366.04000000229,5722.54000000192
201509,20150912,4,a1,2908.32000000031,5122.99000000248,8240.600000004391,8143.040000003921,7952.70000000368,5924.27000000291,2876.8100000003496,5093.54000000287,7414.300000004309,7611.00000000375,7772.370000003679,5236.91000000251
201509,20150922,5,a1,1201.54999999981,3511.44000000026,8118.240000001809,9179.03000000223,7059.6100000016,4946.860000000979,1325.11999999978,4644.90000000058,5550.77000000103,5330.32000000087,4605.73000000079,3274.7200000003304
201509,20150922,6,a1,2343.25000000001,10759.2000000035,26582.900000002202,29262.810000001,21687.2200000004,15434.0900000048,3578.9300000004296,13716.7900000046,16518.6000000042,16114.280000004299,13592.7800000037,9125.660000002259
201509,20150926,7,a1,672.909999999944,785.9999999998649,1067.22999999983,1444.3799999997598,1298.05999999979,1115.09999999984,628.279999999948,865.849999999862,1093.42999999984,1476.0899999998198,997.6999999998731,891.529999999887
201510,20151004,8,a1,1136.04999999984,5238.7000000004,5146.33000000056,5003.08000000053,5407.50000000066,4258.75000000063,1154.31999999981,4396.32000000054,3826.47000000058,3726.44000000052,4065.2200000007,3022.4300000003805
201510,20151008,9,a1,5328.1200000017,24939.2999999966,19011.51,14778.500000003898,10189.110000003,6493.240000002021,9640.15000000309,28587.2599999972,13970.4000000039,10761.0700000026,7310.91000000207,5289.9000000016995
201510,20151009,10,a1,5310.0700000017105,14088.600000003702,9602.94000000321,8153.640000002009,6810.34000000207,5004.42000000175,6318.5300000014795,17036.600000001497,9978.55000000322,9051.39000000254,6415.100000001629,4546.88000000135
201510,20151009,11,a1,1891.4799999996499,7325.650000000859,9194.85000000239,9400.1500000025,9204.74000000249,6378.730000001129,2465.1300000001,6823.85000000104,6445.14000000078,6819.150000001011,6034.05000000078,4253.30000000073
201510,20151016,12,a1,1636.10999999975,2176.76999999994,5495.18000000254,6878.13000000237,5528.46000000197,3925.8200000010997,1938.0099999997303,2281.16000000014,4210.030000001359,5074.1700000018,4058.6900000010796,3219.74000000102
201510,20151017,13,a1,1714.46999999982,3006.85000000076,5466.04000000204,5112.15000000166,5151.34000000169,3293.68000000072,1524.06999999983,2885.4800000005102,4145.61000000131,4003.4500000010103,4294.390000001071,2896.7100000005394
201510,20151030,14,a1,2921.2399999998997,12312.1000000029,28623.2400000041,32464.230000003197,21904.280000003102,12166.4700000034,5972.93000000129,16933.7400000033,21264.4500000039,18583.960000003703,12707.850000003,7772.14000000187
201511,20151101,15,a1,845.8799999999139,1782.0799999997303,2794.2500000005202,2582.82000000034,2469.71000000021,2274.1300000001397,1043.44999999988,1986.99999999971,2430.5400000002,2291.9900000001103,2515.26000000032,2311.16000000014
201511,20151105,16,a1,2585.79999999992,11658.6300000032,28900.8800000039,32589.620000002204,22034.890000003597,12146.2000000034,5139.02000000105,16694.790000003602,21052.840000004,17891.0800000036,12326.0500000034,7740.260000001791
201511,20151105,17,a1,2585.79999999992,11658.6300000032,28900.8800000039,32589.620000002204,22034.890000003597,12146.2000000034,5139.02000000105,16694.790000003602,21052.840000004,17891.0800000036,12326.0500000034,7740.260000001791
201511,20151107,18,a1,3358.0000000000396,19136.1100000012,21034.100000001697,19170.3200000017,16887.1900000016,12664.800000001498,5376.65000000021,25350.0900000021,18818.2800000016,16272.4300000014,14241.500000001299,8366.20000000077
201511,20151107,19,a1,6515.49000000182,4905.79000000231,5756.090000003471,9163.420000004058,7009.55000000274,4088.10000000133,6831.73000000204,5252.100000002511,6734.9900000036905,12040.4900000049,7455.53000000271,4559.05000000193
201511,20151113,20,a1,3241.7299999999395,26069.1100000021,57479.530000001905,60809.1500000011,41335.7600000026,22794.5800000028,6777.380000000389,38233.380000002406,41613.6400000027,33166.530000003,23336.5900000016,14088.5300000015
201511,20151116,21,a1,2235.73999999981,22883.100000001497,54779.340000002405,60107.3300000008,40262.3700000017,22796.400000002202,4869.02000000016,33252.4000000021,37284.2000000025,29784.420000002003,22293.8400000019,14435.6100000018
201511,20151124,22,a1,1298.70999999982,3361.6100000002302,7371.46000000177,8149.7300000018,6404.790000001421,4305.54000000066,1270.26999999978,4345.660000000471,5074.31000000089,4910.250000000779,4264.55000000063,2997.23000000016
201511,20151125,23,a1,3476.2600000003004,14075.810000001798,33965.2700000004,32649.8699999995,19362.0399999999,10474.0400000019,2801.60000000014,18163.490000000802,21344.1900000005,15737.910000001799,10536.9900000016,6830.45000000125
201511,20151127,24,a1,850.8799999999319,7049.300000000459,18293.4900000031,19960.4000000026,13748.400000002901,7432.730000001421,961.909999999929,8420.37000000057,10199.1200000016,7610.080000000709,5889.14000000057,3711.69000000017
201512,20151202,25,a1,4551.87000000085,22186.9999999982,16911.5400000031,13118.080000003401,9095.660000002099,5929.98000000141,7698.850000001079,25359.639999999,12689.770000003702,9871.74000000198,7056.600000001321,4750.360000000979
201512,20151209,26,a1,2421.77000000004,9982.19000000183,25391.5900000001,23943.6799999994,14605.2200000022,8051.67000000105,2181.87999999991,13295.4700000018,15776.4500000023,11386.5300000017,7981.760000000992,5413.8000000006505
201512,20151212,27,a1,2625.56000000041,5385.580000002929,7088.500000003779,7259.48000000318,6382.16000000297,4307.67000000171,2359.90000000011,4856.86000000261,5890.54000000349,5886.24000000276,5123.130000002489,3863.33000000147
201512,20151212,28,a1,2855.34000000047,6059.22000000455,5680.80000000385,5419.12000000226,4813.91000000182,3476.6800000010103,2936.7800000008697,6974.700000005229,5565.21000000389,6079.80000000302,5000.62000000251,3454.850000001
201512,20151218,29,a1,3068.6900000002397,12742.0500000029,22707.4599999984,19775.4000000004,12591.0900000028,7694.51000000178,3788.3000000003794,20461.2399999991,21282.3299999989,15127.8000000028,10203.510000001801,7348.2300000018
201512,20151218,30,a1,7154.77000000154,30149.2299999997,24940.2099999988,19131.7999999995,13302.590000003798,9150.37000000242,12750.090000003602,39276.209999996696,20469.2599999995,15642.2800000035,10857.9000000035,7397.20000000182
201512,20151227,31,a1,1216.0299999998301,4400.99000000082,3999.50000000074,4036.4100000006897,4235.790000000789,3323.9200000004803,1472.46999999974,4026.0000000007703,3248.5000000004197,3203.8200000004604,3508.72000000047,2524.79000000004
201601,20160102,32,a1,2470.1799999999803,2156.91999999975,2738.3100000000304,3045.76000000036,2847.1300000002398,2329.22999999997,2139.01999999984,1753.2099999997101,2466.59999999994,3935.8700000009794,2644.46000000005,2207.53999999983
201601,20160107,33,a1,1917.8299999998198,8505.470000001329,22733.0600000007,21967.0400000008,13302.8500000027,8018.600000001321,1994.3799999998103,11715.7100000019,14582.8100000026,11015.2600000016,6890.90000000102,5210.61000000076
201601,20160108,34,a1,169.320000000001,263.549999999997,465.109999999957,558.5299999999579,490.52999999996103,435.27999999996905,191.84,270.78999999999803,373.71999999997297,455.669999999968,448.169999999973,358.189999999975
201601,20160108,35,a1,1313.64999999988,2721.32000000072,4716.4500000016,5070.00000000146,4172.12000000102,3198.90000000086,1456.90999999986,2754.46000000063,3944.9400000012,4111.640000001071,3648.9000000010496,3243.67000000084
201601,20160108,36,a1,166.86,489.869999999911,628.0799999999019,734.759999999918,705.2199999999181,593.709999999928,202.909999999999,498.779999999921,490.63999999994905,643.649999999926,509.96999999995904,426.849999999963
201601,20160108,37,a1,2354.36999999995,3310.2000000007697,6370.46000000308,7793.17000000303,7681.68000000292,6143.78000000205,2056.34999999982,3705.16000000141,5207.46000000236,5980.720000001989,6382.010000002249,5207.82000000183
201601,20160108,38,a1,2155.36999999977,20573.2500000031,46414.1099999926,46948.1199999933,32155.460000002404,21018.3200000032,3627.89000000034,33089.0500000029,37397.6599999963,28783.6200000023,22109.9700000026,16074.1600000045
201602,20160215,39,a1,749.039999999932,7867.510000001691,15524.4000000044,19043.660000002,16946.900000003,11569.0400000032,930.859999999906,8350.11000000193,9607.7600000027,9155.20000000203,7410.3900000013,5502.23000000093
201603,20160308,40,a1,173812.0,228300.0,388805.0,510149.0,480769.0,462656.0,178151.0,282637.0,397970.0,504391.0,466412.0,458388.0
201604,20160403,41,a1,180108.0,417074.0,713396.0,750704.0,714006.0,589882.0,179426.0,447550.0,650446.0,653738.0,591850.0,481306.0
201604,20160408,42,a1,795246.0,1502984.0,2281246.0,2430032.0,2104836.0,1658082.0,965570.0,1616254.0,2022574.0,2111392.0,1937862.0,1644500.0
201604,20160411,43,a1,107600.0,567318.0,1560176.0,1823610.0,1521838.0,1251470.0,121178.0,756184.0,930326.0,780040.0,676230.0,625892.0
201604,20160416,44,a1,295304.0,1242350.0,1521276.0,1403758.0,1520200.0,1444842.0,319612.0,1190408.0,1047134.0,943314.0,1004558.0,944602.0
201604,20160421,45,a1,138242.0,868112.0,2549898.0,3028194.0,2466578.0,1924528.0,151454.0,1088998.0,1522120.0,1212016.0,1042602.0,911398.0
201604,20160423,46,a1,2995440.0,2638720.0,3225392.0,4078176.0,3467124.0,2407658.0,2853136.0,2825506.0,3692528.0,5636610.0,3682988.0,2224434.0
201604,20160423,47,a1,443648.0,481320.0,701496.0,867898.0,894734.0,864646.0,457568.0,672666.0,710462.0,992970.0,971802.0,899812.0
201605,20160503,48,a1,72744.0,340005.0,574083.0,754651.0,683932.0,475736.0,97196.0,373633.0,369727.0,366751.0,303884.0,233056.0
201605,20160508,49,a1,34991.0,170364.0,173907.0,174463.0,190151.0,245071.0,43013.0,156824.0,134133.0,145298.0,159483.0,157169.0
201605,20160511,50,a1,80572.0,207782.0,570232.0,583531.0,393814.0,275476.0,61210.0,289668.0,365245.0,292224.0,206134.0,175108.0
201605,20160512,51,a1,90350.0,217010.0,360632.0,386935.0,317534.0,289176.0,80513.0,258376.0,260444.0,242791.0,192196.0,186740.0
201605,20160513,52,a1,120073.0,229413.0,415569.0,419863.0,360232.0,234540.0,141906.0,253716.0,292202.0,283675.0,237383.0,172484.0
201605,20160513,53,a1,128351.0,426756.0,880357.0,822504.0,548034.0,419333.0,149138.0,655273.0,811731.0,597889.0,399996.0,354356.0
201605,20160514,54,a1,253606.0,1129273.0,580183.0,379767.0,340245.0,283514.0,339232.0,1207222.0,505019.0,414573.0,341595.0,273590.0
201605,20160514,55,a1,61318.0,166418.0,179150.0,148778.0,141709.0,94717.0,67353.0,178758.0,152589.0,133953.0,131333.0,94272.0
201605,20160514,56,a1,103507.0,355052.0,486379.0,430410.0,346971.0,303830.0,159139.0,457502.0,525678.0,432076.0,312940.0,239398.0
201605,20160520,57,a1,102935.0,230234.0,462989.0,422241.0,283900.0,219401.0,74385.0,303870.0,316748.0,207538.0,141114.0,128306.0
201605,20160521,58,a1,80574.0,179630.0,278223.0,279626.0,257219.0,208419.0,84252.0,173622.0,208110.0,206903.0,189068.0,151760.0
201605,20160521,59,a1,110504.0,141204.0,199907.0,221902.0,201690.0,186380.0,119229.0,157525.0,183519.0,209311.0,151645.0,158390.0
201605,20160522,60,a1,86711.0,147311.0,192271.0,190704.0,165552.0,157739.0,94082.0,161691.0,185182.0,195018.0,149911.0,147342.0
201605,20160522,61,a1,113694.0,223135.0,307880.0,280471.0,248999.0,190953.0,89644.0,224909.0,258342.0,237128.0,192706.0,157455.0
201605,20160526,62,a1,76645.0,394180.0,580397.0,729362.0,682890.0,488893.0,102604.0,423691.0,385240.0,383234.0,314723.0,251133.0
201605,20160527,63,a1,208567.0,516218.0,1162412.0,1299914.0,952838.0,636733.0,296103.0,794568.0,922911.0,798775.0,552140.0,399640.0
201605,20160527,64,a1,222943.0,356631.0,574105.0,627505.0,658343.0,553685.0,215481.0,355665.0,512612.0,613742.0,701731.0,544977.0
201606,20160603,65,a1,3028.33000000008,10839.9500000031,24711.1500000037,27779.3500000038,19696.5900000029,12421.330000003401,6702.7400000013,16066.8300000044,20771.4300000032,17941.2500000032,12024.7800000029,8646.63000000263
201606,20160603,66,a1,2875.8799999999296,22178.4500000009,54148.880000003795,56459.8200000038,37435.470000002,23219.1300000012,5180.20000000022,34579.7100000017,42951.9100000026,32686.3800000012,23015.030000000897,16260.820000001499
201606,20160604,67,a1,1477.79999999985,4566.9100000002,4839.6000000003105,3951.76000000026,3989.8400000002794,2725.20000000004,1581.9699999998402,4533.01000000022,4022.67000000026,3672.95000000019,3658.9700000002294,2607.18999999995
201606,20160624,68,a1,3011.00999999987,17252.6900000039,28919.3400000038,26080.4700000035,24308.8300000013,19389.2600000027,2934.5499999999297,19650.3100000049,22660.4600000048,21542.5100000036,19544.8400000032,12965.2000000034
201606,20160625,69,a1,2148.52999999976,15750.0000000009,21179.7300000009,19297.910000001102,16313.9500000014,12970.980000001202,3226.25999999991,20613.5500000001,19690.000000001,17159.750000001,14934.8300000005,11445.040000000801
201606,20160625,70,a1,2363.5099999999698,9206.72000000479,7242.270000003041,6161.740000002371,5996.3500000024205,5136.690000001649,2994.47000000036,13596.5800000061,7300.16000000266,6653.9000000024,6121.3900000023905,4972.52000000175
201606,20160625,71,a1,1958.96999999978,3892.9400000013793,5846.77000000246,5519.52000000191,4241.36000000101,3495.3100000005497,2115.9399999998,4959.80000000227,4614.08000000161,4530.90000000132,3628.1900000006,3059.26000000036
201607,20160708,72,a1,4104.9600000009395,3793.95000000104,6929.8300000032705,7555.71000000321,5964.270000002521,4769.680000001579,3596.6200000006,4194.88000000134,5944.09000000245,7500.39000000277,5440.68000000187,4752.46000000154
201607,20160721,73,a1,2369.5499999999897,7686.4200000050205,8530.100000004151,8030.400000003459,5796.520000002391,4151.550000001021,3143.98000000086,9094.24000000541,7005.8900000036,6388.30000000272,4649.18000000146,3752.37000000081
201508,20150828,1,b1,625.409999999962,2158.32999999979,4906.61000000049,5155.05000000049,3609.95000000039,2000.97999999978,413.959999999991,2058.02999999974,2544.10999999996,2180.2399999998397,1748.86999999982,1136.7299999999
201508,20150829,2,b1,1070.8599999998598,4427.50000000281,4862.7400000029,3959.9000000017104,4061.7500000015702,2921.28000000103,1139.67999999983,3923.6000000021504,3434.78000000159,3080.50000000102,3185.51000000123,2207.29000000007
201508,20150829,3,b1,2630.1300000003603,9212.450000002751,8910.230000002579,7938.69000000185,7260.1100000023,6095.610000002221,3438.35000000079,11638.570000003001,9239.34000000279,8511.85000000176,7007.8500000017,5269.81000000162
201508,20150829,4,b1,2411.04000000002,4598.300000002029,7477.08000000407,7707.630000003821,7340.610000003159,5376.40000000244,2553.3400000001,4777.1400000023605,6946.20000000376,7048.880000003191,7065.67000000326,4617.25000000183
201509,20150908,5,b1,1320.1999999998,3548.3400000003003,7708.970000001741,8687.97000000213,6730.10000000162,4744.51000000096,1329.20999999977,4678.24000000072,5278.14000000095,5281.650000000929,4641.000000000779,3259.15000000034
201509,20150908,6,b1,2170.53999999992,10562.7300000033,24587.4800000014,27981.830000000802,20719.9500000011,15075.6500000047,3537.27000000044,13495.2400000048,16443.6600000049,15839.4100000039,13597.100000004199,9318.34000000256
201509,20150912,7,b1,1154.7799999998801,1153.1899999997502,1848.60999999965,2256.9499999998197,2063.6999999996697,1559.81999999975,1233.7699999998802,1310.78999999973,1723.4199999997,2449.88999999996,1646.28999999971,1219.8799999998
201509,20150920,8,b1,1244.19999999982,5331.73000000035,5237.34000000056,5221.25000000056,5402.260000000801,4238.35000000067,1261.4899999998,4594.79000000048,3866.7700000006,3780.18000000044,4148.88000000052,2919.7400000004304
201509,20150924,9,b1,3856.66000000108,21863.4999999969,18076.8600000013,14675.410000004,10036.1200000026,6255.52000000191,6341.2400000013795,24068.1599999962,13258.530000003999,9697.62000000253,6821.06000000171,4889.67000000129
201509,20150925,10,b1,5786.990000001209,13213.730000003401,14022.3000000034,13152.920000003402,10904.6900000029,8743.580000002321,4808.98000000092,16910.0800000024,14019.3800000032,12744.320000002901,9658.44000000248,7012.700000002
201509,20150925,11,b1,1867.82999999974,10060.4500000022,18312.8000000029,21602.4900000003,18357.1300000021,11556.9800000027,2222.8299999999103,10728.0800000027,11572.4600000029,11382.5200000023,8902.79000000154,5577.85000000054
201510,20151002,12,b1,1207.76999999985,1837.1199999995802,4548.76000000195,5766.73000000234,4702.97000000144,3149.9200000010496,1379.08999999983,1996.3899999995601,3390.29000000114,4187.4900000013395,3274.18000000099,2620.93000000077
201510,20151003,13,b1,1503.2299999998402,3007.98000000069,5122.050000001889,4611.61000000137,4830.3200000015295,3023.24000000046,1380.0199999998401,2813.87000000049,3963.7800000012,3754.4900000009898,4240.69000000123,2735.21000000041
201510,20151016,14,b1,3572.7000000000203,11587.3200000026,28874.2200000042,33388.1400000026,22511.510000003702,12373.060000003201,6536.83000000128,16789.5400000035,21391.5100000035,18506.2400000033,12430.410000003201,7742.10000000202
201510,20151018,15,b1,1279.97999999988,2224.67,3534.98000000064,3275.33000000044,3098.37000000043,2718.89000000033,1448.06999999984,3038.91000000039,3263.09000000045,3000.8000000003003,3126.57000000035,2609.73000000023
201510,20151022,16,b1,2361.58999999975,11067.2700000024,28855.4500000037,33999.6000000025,22556.980000003798,13011.1300000035,5130.1000000009,16320.580000003401,21519.2900000037,19109.9800000034,13007.2600000028,8010.08000000187
201510,20151022,17,b1,2361.58999999975,11067.2700000024,28855.4500000037,33999.6000000025,22556.980000003798,13011.1300000035,5130.1000000009,16320.580000003401,21519.2900000037,19109.9800000034,13007.2600000028,8010.08000000187
201510,20151024,18,b1,4017.0400000001796,19664.2700000015,24358.1600000025,22235.540000002202,19019.8300000024,13930.6200000022,6366.66000000033,24190.1600000021,22494.2400000025,20019.6300000021,15958.660000001399,9363.99000000105
201510,20151024,19,b1,6886.95000000184,5222.29000000217,6081.26000000286,9351.790000003579,7460.68000000277,4467.87000000163,6949.46000000194,5618.0200000026,7006.08000000339,12411.5700000049,8010.87000000274,4917.760000002229
201510,20151030,20,b1,3358.57000000007,27892.810000002002,61902.440000003604,64612.9800000004,42612.3900000019,24615.3600000025,6219.170000000629,40594.7300000032,45225.6500000029,34582.840000002405,25236.5800000019,15318.640000002
201511,20151102,21,b1,2055.04999999975,25042.7700000017,60837.630000002006,64402.4600000013,42132.430000001696,25352.030000003302,4176.42000000016,35651.3200000027,40409.950000002704,32214.5400000023,23636.4300000021,15376.5600000023
201511,20151110,22,b1,1255.48999999982,3501.02000000028,7744.620000001759,8696.180000002,6730.76000000158,4711.57000000085,1294.87999999978,4587.47000000069,5312.64000000094,5351.24000000087,4644.95000000091,3238.3600000002502
201511,20151111,23,b1,3610.3400000002002,12242.2900000024,30237.490000001402,28363.100000000097,17230.8400000018,9657.21000000208,3031.3800000001897,16263.2700000026,19457.9700000012,14174.5800000025,9613.59000000218,6371.7900000012405
201511,20151113,24,b1,1037.60999999989,7102.66000000052,18782.4500000033,20031.1500000027,14008.7000000031,7267.01000000152,1397.7799999998301,9346.830000000991,10409.8800000017,7951.760000000971,6079.61000000063,3847.58000000019
201511,20151118,25,b1,4668.28000000089,23391.859999996603,17554.5600000002,13380.7200000032,9213.12000000229,6051.61000000141,8320.680000001379,26886.739999997597,13418.9700000039,10002.5900000022,7217.780000001371,4877.280000001079
201511,20151125,26,b1,3476.2600000003004,14075.810000001798,33965.2700000004,32649.8699999995,19362.0399999999,10474.0400000019,2801.60000000014,18163.490000000802,21344.1900000005,15737.910000001799,10536.9900000016,6830.45000000125
201511,20151128,27,b1,2585.06000000048,5602.77000000337,7142.170000004209,7181.880000003241,6165.38000000297,4312.29000000154,2395.5500000001603,5451.7400000033895,6124.190000003249,6085.32000000291,5241.2500000028,3921.40000000161
201511,20151128,28,b1,2970.94000000055,6188.98000000409,5358.25000000308,5228.440000002171,4546.50000000164,3345.3500000008503,2918.65000000076,7127.84000000513,5282.40000000302,5669.40000000261,4598.83000000199,3366.44000000096
201512,20151204,29,b1,2362.16000000001,11848.1900000027,22326.3899999989,18860.1800000018,12240.6700000024,7681.810000001829,3076.56000000023,19210.1900000005,20688.1799999997,14040.3700000025,9455.340000002021,7045.660000002
201512,20151204,30,b1,5936.020000001371,26258.7099999997,24553.4099999987,18682.5399999998,12757.170000004098,8598.200000002149,9231.13000000252,33197.6400000003,19684.4399999994,14539.480000003201,10552.320000003101,7164.0300000017505
201512,20151213,31,b1,1255.9799999998,5156.40000000092,4850.4100000008,4733.68000000081,5101.21000000087,3939.21000000068,1413.0999999997198,4399.14000000081,3523.5900000005,3600.7500000004206,3964.42000000065,2844.4500000003495
201512,20151219,32,b1,3023.20000000027,2594.1599999999803,4351.63000000151,4948.00000000207,4590.3200000018605,3352.2200000007,2492.59000000001,2489.52999999991,3976.1600000009603,5888.790000002529,4142.17000000108,2947.85000000013
201512,20151224,33,b1,3634.6700000003398,12503.6700000021,24519.809999999503,22979.699999999502,14485.5600000023,8104.00000000118,3959.42000000035,16430.480000002,17157.7000000017,12682.230000001799,8638.4400000012,5243.71000000066
201512,20151225,34,b1,149.500000000001,265.030000000001,396.03999999998,409.32999999997594,422.40999999997297,376.889999999975,146.530000000001,338.029999999991,376.47999999998495,396.71999999997496,423.94999999997003,308.61999999998403
201512,20151225,35,b1,1556.7799999998401,2709.18000000043,2994.18000000056,2969.9000000004803,2762.4400000003398,2098.27999999987,1455.54999999983,2427.4900000002,2895.4600000005103,3009.86000000049,2784.62000000039,2265.27000000008
201512,20151225,36,b1,163.01,388.71999999994597,406.649999999954,418.229999999955,422.289999999962,334.40999999997996,175.540000000001,406.93999999995003,363.40999999997706,449.26999999995996,369.609999999974,303.629999999989
201512,20151225,37,b1,2719.1800000001504,3496.01000000118,5363.25000000266,5745.35000000253,6011.8500000024405,4389.080000001401,2242.23999999991,3804.5800000015297,5240.16000000238,5017.75000000164,5647.1100000019,4083.85000000115
201512,20151225,38,b1,11978.740000002299,25958.2900000023,22209.6600000022,20297.9900000025,15973.740000003501,11771.3800000025,19806.360000001998,30469.3300000021,25154.930000002,24637.5200000019,17350.5400000027,11185.8900000026
201602,20160201,39,b1,735.609999999938,7240.7800000015295,15465.3000000044,19493.2600000017,16854.6100000031,11517.6200000031,866.1399999999201,7869.92000000162,9631.53000000264,9454.63000000196,7637.67000000115,5727.46000000095
201602,20160223,40,b1,829.419999999917,1228.29999999973,2213.23999999982,2922.39000000031,2837.7400000002503,2526.72000000018,842.559999999904,1539.8699999997,2122.87999999975,2926.6500000003,2644.2900000001896,2376.62000000008
201603,20160320,41,b1,98376.0,116284.0,174995.0,185147.0,172836.0,140810.0,143184.0,137789.0,144127.0,157779.0,145856.0,112850.0
201603,20160325,42,b1,177764.0,341345.0,503889.0,549000.0,462534.0,360833.0,214581.0,367246.0,450699.0,479177.0,421497.0,366588.0
201603,20160328,43,b1,22634.0,127893.0,383571.0,447248.0,382786.0,296351.0,26715.0,164457.0,221507.0,188451.0,160222.0,147104.0
201604,20160402,44,b1,684404.0,2263924.0,1829000.0,1603124.0,1563528.0,1512158.0,861354.0,2641644.0,1302294.0,1148192.0,1134196.0,1048150.0
201604,20160407,45,b1,208914.0,1082686.0,2818512.0,3313712.0,2738150.0,2254974.0,231570.0,1429986.0,1793316.0,1546578.0,1379630.0,1169870.0
201604,20160409,46,b1,3217790.0,2796700.0,3144066.0,4068606.0,3557666.0,2401040.0,3184042.0,2890080.0,3622536.0,5659678.0,3650662.0,2243040.0
201604,20160409,47,b1,458476.0,525596.0,704436.0,846124.0,919232.0,836766.0,498746.0,678560.0,704992.0,990692.0,1007332.0,932992.0
201604,20160419,48,b1,237772.0,1374692.0,2494378.0,3193232.0,2898998.0,2083792.0,331560.0,1561478.0,1614924.0,1586368.0,1359836.0,1043338.0
201604,20160424,49,b1,98166.0,665688.0,705058.0,650488.0,784570.0,935030.0,117666.0,628438.0,531738.0,499978.0,599280.0,554006.0
201604,20160427,50,b1,264414.0,796085.0,2218608.0,2306827.0,1521568.0,1077011.0,212605.0,1109472.0,1385698.0,1110336.0,777380.0,649053.0
201604,20160428,51,b1,358634.0,719746.0,1275378.0,1466352.0,1189128.0,1067866.0,317908.0,936608.0,944474.0,897756.0,711136.0,691750.0
201604,20160429,52,b1,76718.0,259908.0,640342.0,797448.0,674834.0,431484.0,74054.0,287512.0,467496.0,450270.0,359404.0,271906.0
201604,20160429,53,b1,153240.0,649300.0,1828288.0,2057668.0,1467432.0,1112970.0,168134.0,942390.0,1653710.0,1321692.0,896312.0,810704.0
201604,20160430,54,b1,986122.0,4580648.0,2410038.0,1714060.0,1472270.0,1255472.0,1196596.0,4926902.0,2141304.0,1791514.0,1397358.0,1153786.0
201604,20160430,55,b1,181744.0,518192.0,663122.0,574194.0,545476.0,368368.0,187802.0,529744.0,536394.0,494778.0,483508.0,351496.0
201604,20160430,56,b1,276146.0,1421020.0,1895070.0,1733634.0,1629496.0,1377454.0,409222.0,1806098.0,1767962.0,1501706.0,1340940.0,1013670.0
201605,20160506,57,b1,75931.0,202170.0,248905.0,232727.0,193140.0,159411.0,127103.0,266083.0,210079.0,184814.0,131768.0,108679.0
201605,20160507,58,b1,64878.0,134481.0,242831.0,257450.0,254442.0,202489.0,60062.0,150275.0,220840.0,231052.0,227120.0,166245.0
201605,20160507,59,b1,96243.0,120963.0,176604.0,205483.0,186557.0,170581.0,105842.0,132737.0,166468.0,211029.0,149894.0,143989.0
201605,20160508,60,b1,87448.0,129940.0,187434.0,207391.0,172347.0,171832.0,89508.0,147897.0,206212.0,224485.0,161720.0,175781.0
201605,20160508,61,b1,106095.0,180820.0,292412.0,300314.0,251120.0,205571.0,89611.0,162854.0,273957.0,285126.0,232590.0,191449.0
201605,20160512,62,b1,103563.0,361264.0,618990.0,782047.0,718906.0,513318.0,113134.0,412706.0,419206.0,400605.0,330092.0,266252.0
201605,20160513,63,b1,251476.0,543277.0,1224164.0,1362896.0,1004798.0,664968.0,396253.0,816972.0,974972.0,856951.0,573223.0,416048.0
201605,20160513,64,b1,255518.0,370866.0,613808.0,665456.0,727739.0,596669.0,248221.0,366525.0,537600.0,651172.0,707823.0,563006.0
201605,20160520,65,b1,156193.0,358083.0,778439.0,903250.0,673402.0,481359.0,274838.0,539916.0,671340.0,617855.0,444140.0,352078.0
201605,20160520,66,b1,85089.0,453993.0,1012230.0,1071348.0,740831.0,507570.0,155207.0,694700.0,836015.0,643654.0,441262.0,328762.0
201605,20160521,67,b1,60970.0,185991.0,194794.0,152695.0,152180.0,103745.0,66406.0,197837.0,161064.0,143865.0,138767.0,101261.0
201606,20160610,68,b1,3879.2799999999397,18034.210000003997,30483.480000002597,27619.8400000029,25109.080000000897,19298.5400000028,3233.3699999998903,18624.4800000041,23274.8400000048,21972.110000003602,19979.6800000032,14004.900000003501
201606,20160611,69,b1,3751.85000000011,21629.920000001297,25298.6400000016,21674.9600000012,19057.510000001497,16111.700000001101,5964.89999999985,28440.4000000013,24199.4000000009,21494.020000001397,19712.1300000012,14463.170000001499
201606,20160611,70,b1,2649.1800000002,8655.2400000041,7181.730000002941,6615.740000002429,5910.9800000020305,5130.17000000191,3746.8000000009,14343.2300000055,7487.680000002859,6865.130000002329,6106.690000002529,5096.6400000017
201606,20160611,71,b1,2339.31,3744.84000000125,5800.910000002579,5533.0700000016695,4566.1800000011,3671.8800000005895,2520.0300000002103,5322.500000002539,4850.170000001721,4974.250000001551,3685.18000000049,3123.3400000003103
201606,20160624,72,b1,3421.3500000006798,2881.40000000025,5294.78000000282,5930.92000000281,4710.6400000019,3892.64000000105,3022.01000000034,2922.52000000025,4468.96000000159,6344.59000000283,4457.3600000015,3797.3800000009205
201607,20160707,73,b1,2070.21999999973,7979.99000000496,8755.79000000473,8399.23000000358,5837.82000000209,4320.39000000121,2836.7400000005296,9204.52000000549,7228.3400000038,6166.3500000025,4762.23000000176,3856.8000000009
201509,20150918,1,a2,343.88999999999197,1107.8499999999,2366.46000000012,2328.52000000007,1693.61999999984,1029.8599999999199,292.019999999996,1239.76999999987,1511.77999999986,1319.51999999989,1008.3899999999301,687.159999999953
201509,20150919,2,a2,1216.94999999983,4972.05000000348,5184.12000000334,4224.94000000169,4354.79000000181,3310.9500000013104,1198.17999999982,4440.39000000261,3778.0500000016204,3271.3900000010103,3373.24000000125,2398.26000000041
201509,20150919,3,a2,4267.2100000008095,14654.3200000039,12208.3800000046,10099.7000000035,8881.8800000026,7026.85000000258,5547.4000000016695,19595.8199999998,13094.9600000042,11447.500000003402,8488.84000000241,5764.54000000177
201509,20150919,4,a2,2906.7100000003,5186.410000002779,8392.54000000475,8596.57000000428,8269.89000000354,6173.510000003001,2917.0200000003197,5414.5200000029,7723.030000004101,7721.90000000354,7765.930000003441,5301.00000000239
201509,20150929,5,a2,1120.17999999983,2847.6700000001397,2942.9600000002,2873.4600000001396,2748.73000000008,2323.3299999999103,1279.2399999997501,3358.9800000001896,2883.43000000014,2967.93000000011,2584.50000000004,1803.1399999997
201509,20150929,6,a2,1778.98999999971,7502.34000000145,8242.370000001709,8277.10000000157,7301.390000001271,6979.23000000125,2339.66000000004,8398.7200000019,7700.240000001279,8326.75000000123,7015.160000000999,5287.560000001
201510,20151003,7,a2,1098.14999999989,1088.56999999976,1648.9199999996697,2086.20999999967,1763.5099999997,1374.50999999978,1109.85999999988,1187.13999999975,1737.84999999969,2239.6799999998602,1488.2999999997598,1106.30999999983
201510,20151011,8,a2,1157.35999999983,4917.280000000321,4537.270000000421,4388.1700000005,4816.76000000055,3818.75000000058,1147.33999999981,4063.23000000074,3499.8600000005604,3546.7600000004,3890.72000000062,2740.75000000023
201510,20151015,9,a2,4657.45000000153,20735.6599999969,17513.280000002098,13812.620000004099,9976.25000000268,6094.46000000184,6363.56000000181,23242.359999996403,12759.840000004198,9588.0300000023,6984.82000000204,4931.90000000157
201510,20151016,10,a2,9309.0600000018,13663.8600000035,13033.4500000035,12225.3700000031,9770.5500000026,7454.110000001559,10289.1400000022,18102.9000000005,14506.9400000037,12801.380000003,9334.07000000242,6622.0300000015
201510,20151016,11,a2,2317.11999999997,11069.070000002299,20116.1300000017,24750.269999999,20687.870000001,12409.9700000032,2795.51000000036,12044.010000003,12209.1800000034,12550.4600000026,9568.6500000024,6415.590000000961
201510,20151023,12,a2,1918.56999999975,2165.1799999999203,5162.870000002439,6503.080000002629,5294.08000000184,3750.7800000010798,1969.05999999976,2228.09999999999,3981.52000000128,4983.05000000181,3875.8800000010997,3263.11000000099
201510,20151024,13,a2,1575.9699999998402,3122.4100000007397,5533.96000000186,5045.31000000166,5042.04000000173,3146.28000000067,1559.48999999983,2956.9800000006203,4131.3700000011995,3971.95000000105,4403.49000000132,3000.79000000063
201511,20151106,14,a2,2804.8000000000397,12543.2700000029,27930.4100000037,32038.520000002998,21660.220000003403,12357.970000003601,5538.92000000131,17490.4700000038,21255.7400000034,18476.290000003402,13011.820000003401,8210.1100000019
201511,20151108,15,a2,735.729999999931,1792.85999999971,2898.74000000052,2481.33000000028,2358.14000000018,2110.8399999999,906.679999999924,2001.5799999997198,2404.71000000018,2235.87000000008,2350.05000000014,2093.46999999986
201511,20151112,16,a2,2847.0999999999894,11319.7600000028,27862.280000004102,31876.540000003,21441.1600000035,12314.5100000032,5020.78000000099,16681.7400000034,20942.9700000031,18017.8000000039,12465.260000003402,8001.220000001741
201511,20151112,17,a2,2847.0999999999894,11319.7600000028,27862.280000004102,31876.540000003,21441.1600000035,12314.5100000032,5020.78000000099,16681.7400000034,20942.9700000031,18017.8000000039,12465.260000003402,8001.220000001741
201511,20151114,18,a2,6580.450000000339,27337.850000001603,34283.260000002,43869.5100000016,33131.410000002004,17556.8600000026,8320.970000000409,28210.9800000013,22808.850000001803,26994.8200000018,19815.130000001598,10905.6100000012
201511,20151114,19,a2,6990.690000002171,4971.93000000224,5875.07000000316,9106.920000003991,7107.7100000028,4228.460000001551,6937.89000000208,5493.29000000276,6553.460000003829,11904.1000000051,7566.59000000313,4552.34000000191
201511,20151120,20,a2,3901.7700000000395,30015.4800000022,63176.0200000033,66187.1900000004,44666.1600000023,25596.9000000029,7163.49000000047,44454.2000000019,47266.7400000021,36878.2700000028,26381.410000002,16168.310000002
201511,20151123,21,a2,2687.04999999986,22694.3800000014,54972.870000003095,59681.8400000017,39163.9900000022,22762.1100000025,4816.83000000016,32780.7500000028,36711.100000002996,29217.1400000019,21292.5100000017,13711.8500000019
201512,20151201,22,a2,1380.3499999998,3664.02000000049,7987.200000001741,8890.88000000203,6914.05000000152,4915.83000000099,1486.54999999975,4728.11000000091,5470.81000000096,5361.330000000879,4568.080000000949,3364.36000000044
201512,20151202,23,a2,2637.90000000015,9440.400000001659,24013.609999999902,22903.7099999998,13850.400000001999,7677.1700000009705,2314.21000000003,13036.3400000018,14737.6300000022,10783.7300000016,7503.850000000891,5178.38000000052
201512,20151204,24,a2,778.689999999957,7101.8700000005,17965.2300000029,18514.5100000031,13196.320000002801,6926.01000000119,1461.89999999982,9576.57000000121,10172.5900000016,7505.16000000058,5593.36000000037,3487.16000000009
201512,20151209,25,a2,5062.31000000105,23191.3299999977,18836.0199999979,14303.4600000036,9616.67000000239,6256.320000001469,9148.92000000165,27918.1099999984,14172.650000003501,10810.2300000027,7673.2400000014,5255.69000000123
201512,20151216,26,a2,3265.7500000003197,10218.2800000017,24651.160000000098,23676.4099999994,14564.740000002199,7861.04000000104,2853.80000000027,14665.3500000023,16694.0300000022,11809.230000001799,7853.66000000083,5215.1500000006
201512,20151219,27,a2,2576.8600000003603,5349.930000003521,6986.26000000412,7540.600000003559,6297.5900000029105,4302.08000000164,2681.25000000048,5087.99000000299,5930.35000000348,6298.890000002901,4959.83000000247,3724.69000000144
201512,20151219,28,a2,2886.60000000047,6127.890000005191,5786.40000000399,5617.300000003061,4881.22000000196,3647.06000000105,3176.99000000102,7124.470000005601,5626.530000004251,6480.380000003671,5099.70000000266,3494.3900000009603
201512,20151225,29,a2,2516.02000000024,10557.9600000023,10169.7300000021,6744.730000001679,5515.940000001379,3869.3000000005,2720.99000000026,12351.5900000022,9189.820000001899,6565.79000000161,5075.19000000122,3884.35000000049
201512,20151225,30,a2,15070.990000003601,34786.5599999979,14458.6700000046,9544.38000000302,7942.060000001709,5509.29000000147,25034.719999997596,35611.529999997794,12053.4800000042,9679.230000002859,7015.97000000171,5260.51000000152
201601,20160103,31,a2,776.479999999924,4055.5800000007102,3878.45000000062,3560.6300000004603,4041.30000000068,3394.7900000005798,813.329999999904,3392.43000000065,2799.9000000002197,2778.78000000016,3172.11000000037,2756.1700000002197
201601,20160109,32,a2,2697.06000000011,2396.48999999986,4015.86000000104,4373.250000001551,3861.34000000123,2857.2600000003804,2424.68000000005,2325.72999999978,3391.51000000041,4961.570000002021,3400.3100000005497,2659.4700000001103
201601,20160114,33,a2,1902.8699999998,8656.86000000129,22735.2100000008,22607.5500000006,14086.2600000026,8392.920000001679,2113.68999999983,11896.740000002299,14534.1100000023,10818.610000001801,7219.48000000109,5544.78000000103
201601,20160115,34,a2,143.36000000000098,266.240000000001,435.929999999962,528.679999999964,502.26999999996804,445.87999999996595,146.590000000001,272.77999999999804,393.249999999971,445.20999999997,448.87999999996805,377.829999999972
201601,20160115,35,a2,1329.98999999987,2633.90000000053,4457.20000000148,4911.62000000144,4006.5000000009795,3260.86000000085,1498.15999999984,2687.80000000062,3917.29000000122,4027.4000000010496,3558.9600000009495,3222.8300000009003
201601,20160115,36,a2,180.000000000002,414.269999999932,606.399999999912,723.039999999908,661.6599999999299,520.079999999954,192.599999999999,473.71999999993204,470.909999999952,590.139999999934,494.719999999951,392.18999999997595
201601,20160115,37,a2,2241.2099999999,3445.75000000094,6467.89000000312,7784.12000000341,7825.45000000307,6120.28000000208,2009.5999999998103,3584.2300000013397,5210.98000000216,5988.300000002049,6569.720000001989,5222.70000000183
201601,20160115,38,a2,2174.4499999998,19693.1600000027,46905.349999994505,46837.4999999946,32052.8400000027,21417.5100000039,3886.5900000004103,32176.5000000025,37147.4099999958,28862.5900000022,21989.3300000026,15948.8100000038
201602,20160222,39,a2,1050.69999999987,8054.44000000159,15528.8000000046,19696.3200000018,17365.7000000027,12257.5500000029,1213.20999999981,8495.84000000203,10327.750000003001,9844.38000000228,7976.210000001421,6195.52000000095
201603,20160315,40,a2,178449.0,235109.0,391631.0,509351.0,476521.0,476117.0,173224.0,289780.0,393717.0,550852.0,476182.0,455630.0
201604,20160410,41,a2,202848.0,493594.0,748860.0,733528.0,724868.0,597672.0,226130.0,571208.0,642032.0,618082.0,601956.0,475584.0
201604,20160415,42,a2,760034.0,1487762.0,2339026.0,2554456.0,2125548.0,1673426.0,925870.0,1600904.0,2081446.0,2118694.0,1955918.0,1684276.0
201604,20160418,43,a2,86230.0,499754.0,1504700.0,1876602.0,1585344.0,1212344.0,103100.0,637124.0,886510.0,764272.0,647000.0,577954.0
201604,20160423,44,a2,352954.0,1426074.0,1534488.0,1412372.0,1500418.0,1351164.0,357584.0,1387280.0,1034162.0,950312.0,1006068.0,953756.0
201604,20160428,45,a2,177572.0,885724.0,2562398.0,3059502.0,2619740.0,1960830.0,210078.0,1109672.0,1526262.0,1282038.0,1072892.0,945752.0
201604,20160430,46,a2,3338114.0,2956248.0,3393058.0,4152070.0,3526442.0,2278632.0,3063264.0,2961460.0,3734748.0,5764428.0,3663830.0,2229798.0
201604,20160430,47,a2,430500.0,501762.0,738562.0,846402.0,836932.0,840386.0,402132.0,627578.0,693242.0,959168.0,977340.0,898678.0
201605,20160510,48,a2,65907.0,338274.0,566662.0,745838.0,681180.0,496491.0,83424.0,381826.0,370675.0,360435.0,308963.0,245763.0
201605,20160515,49,a2,41649.0,167159.0,170543.0,154355.0,165151.0,213803.0,48956.0,152373.0,123218.0,119235.0,139575.0,129864.0
201605,20160518,50,a2,74855.0,209007.0,553205.0,559190.0,361621.0,254174.0,59787.0,290107.0,347248.0,265288.0,182333.0,151413.0
201605,20160519,51,a2,88904.0,207962.0,342045.0,374310.0,299067.0,272429.0,79424.0,275621.0,257709.0,239148.0,196320.0,175101.0
201605,20160520,52,a2,89079.0,217873.0,367956.0,364013.0,314487.0,196407.0,89940.0,241461.0,269989.0,259198.0,218316.0,157213.0
201605,20160520,53,a2,113299.0,358719.0,713718.0,603630.0,412527.0,312034.0,130958.0,592719.0,653544.0,445033.0,282349.0,268417.0
201605,20160521,54,a2,324078.0,1320836.0,597559.0,413813.0,367814.0,312511.0,373832.0,1388487.0,532770.0,444226.0,358175.0,286304.0
201605,20160521,55,a2,60970.0,185991.0,194794.0,152695.0,152180.0,103745.0,66406.0,197837.0,161064.0,143865.0,138767.0,101261.0
201605,20160521,56,a2,110801.0,383344.0,481301.0,430303.0,383836.0,334381.0,183208.0,537502.0,516586.0,459426.0,349506.0,253282.0
201605,20160527,57,a2,88975.0,239773.0,570122.0,563681.0,370020.0,272200.0,75206.0,315498.0,374746.0,291734.0,190715.0,165640.0
201605,20160528,58,a2,66666.0,154982.0,267140.0,288670.0,280303.0,228219.0,82710.0,173837.0,225693.0,227448.0,227999.0,165523.0
201605,20160528,59,a2,110981.0,133661.0,199938.0,220842.0,210477.0,179623.0,117313.0,152310.0,172757.0,216159.0,150759.0,139230.0
201605,20160529,60,a2,85989.0,128260.0,177641.0,193142.0,169809.0,165836.0,88242.0,141088.0,176994.0,202573.0,144936.0,149201.0
201605,20160529,61,a2,101406.0,178302.0,271263.0,271838.0,233699.0,190472.0,73065.0,159678.0,222827.0,220650.0,187315.0,158352.0
201606,20160602,62,a2,2154.1999999998197,11969.830000003001,17818.8100000029,21693.1400000007,18946.2300000016,13337.070000003101,2795.6600000003004,13701.550000004,12514.250000003798,12187.3400000029,9979.58000000273,7245.0900000008305
201606,20160603,63,a2,3805.5800000001295,18289.4100000024,42173.0100000012,44259.8100000004,29962.3000000023,18294.7600000027,6194.00000000057,27128.370000002596,32003.4900000025,26070.190000003102,17322.9200000021,12054.320000001202
201606,20160603,64,a2,2099.02999999987,3400.0900000006,5581.2500000023,5981.460000002529,6349.95000000199,5120.61000000152,2154.2999999998897,3531.3700000008503,4832.33000000178,5754.81000000203,6384.29000000202,4993.8100000017
201606,20160610,65,a2,2966.37000000013,10408.5500000031,25578.7200000039,29351.9500000028,20847.370000003,13043.6200000035,5786.0000000010705,16224.520000004199,20833.0700000033,19019.7300000027,12568.8700000031,8978.88000000272
201606,20160610,66,a2,2488.38999999984,22144.720000001,55516.5300000039,58787.6600000042,39319.2100000027,24421.1100000013,4380.55000000017,34887.2200000014,42777.040000003,33875.4000000016,23527.980000001,16864.1300000013
201606,20160611,67,a2,1287.2499999998802,4135.63000000029,5030.25000000024,4246.6400000002395,4109.28000000029,2822.55000000005,1390.6199999998598,4362.68000000027,4110.64000000029,3820.62000000021,3820.5100000002203,2795.3900000000704
201607,20160701,68,a2,4709.29000000107,20961.510000001297,33895.3399999968,31562.4599999963,28749.239999997404,22378.0199999987,4502.4300000011,24015.2900000001,25965.9899999996,24656.0400000001,22259.8800000002,15918.8100000059
201607,20160702,69,a2,5636.29000000037,30055.820000002997,33292.4200000031,29003.5400000033,26455.7600000027,22447.3400000029,7429.40000000073,37606.6400000021,33501.3100000027,28412.3300000028,26654.300000002997,20578.6000000029
201607,20160702,70,a2,2719.76000000042,11422.1800000054,8840.03000000382,7336.56000000248,6842.11000000235,5907.240000001961,3265.5500000007,15205.2300000058,8541.39000000333,7757.1300000026,7070.94000000244,5839.66000000214
201607,20160702,71,a2,1982.58999999975,3815.0400000010704,5889.43000000237,5832.9800000018995,4677.440000001289,3801.69000000063,2154.85999999978,4359.86000000152,4671.02000000157,4711.65000000131,3742.0000000007,3203.98000000038
201607,20160715,72,a2,4169.030000001079,3798.9800000010705,7065.230000003309,7742.7900000031495,5961.4300000025705,4754.27000000166,3503.1900000006203,4120.8300000013505,5746.200000002371,7639.6900000029,5336.12000000199,4615.51000000137
201607,20160728,73,a2,2258.83999999988,7727.04000000504,8317.06000000457,8020.300000003241,5896.77000000265,4010.2000000009,2887.2000000005396,9117.48000000564,6676.5300000035495,6004.90000000254,4689.56000000181,3576.07000000065
201508,20150821,1,b2,854.90999999995,3079.89000000014,5916.37000000051,5724.79000000051,3587.58000000034,2031.50999999975,664.829999999964,3033.0500000001502,3098.87000000021,2522.11999999999,1780.7399999998102,1245.44999999988
201508,20150822,2,b2,1030.36999999989,4123.8900000026,4429.50000000258,3825.38000000139,3920.5000000016,2716.13000000083,1059.8799999998598,3787.0800000018703,3342.0400000013597,2894.90000000093,2994.1700000011306,2038.70999999966
201508,20150822,3,b2,3413.17000000065,11846.4400000034,11133.920000003502,9373.55000000239,8217.89000000197,6884.40000000244,4352.86000000101,15936.740000003301,11360.7000000036,10479.840000003,8320.680000001741,5676.12000000172
201508,20150822,4,b2,2517.11000000004,4723.92000000237,7608.970000004108,7921.600000003979,7662.440000003459,5465.0300000025,2600.8200000000797,4812.11000000275,7021.060000003679,7267.38000000323,7068.76000000328,4601.750000001621
201509,20150901,5,b2,1362.2899999997999,3526.7300000002797,8254.420000001941,9590.0200000026,7847.620000001801,6099.56000000131,1460.0499999997699,4906.7400000008,5727.880000001321,5819.770000001229,5124.91000000127,3939.5200000007503
201509,20150901,6,b2,1984.42999999972,10381.1300000031,24576.7200000007,29018.2699999988,22711.919999998598,17017.030000004,3027.15000000042,13231.3200000046,15887.7500000052,15928.7400000047,13856.7200000045,10369.6500000037
201509,20150905,7,b2,1177.3899999999,1066.2299999997801,1803.26999999966,2209.52999999978,1943.7799999996698,1512.74999999976,1150.1899999999,1194.82999999975,1738.7099999997,2495.65,1582.36999999974,1306.8199999997998
201509,20150913,8,b2,1234.28999999985,5060.6400000004,5187.8400000005295,4911.74000000063,4766.89000000068,3914.01000000077,1245.81999999983,4618.64000000054,3993.7400000006396,3882.4600000005,3788.75000000049,2799.92000000037
201509,20150917,9,b2,3555.9300000010103,20621.4599999974,16304.5400000048,13667.570000004,9367.100000002622,6150.00000000163,5430.1200000012395,23359.5799999971,12593.030000004099,9476.160000002059,6698.31000000165,4954.85000000149
201509,20150918,10,b2,5806.58000000133,14462.7000000034,13872.040000003899,13452.060000003501,11074.840000003402,9102.99000000349,6424.58000000128,19645.3200000003,15533.9700000033,13586.310000003201,10566.2000000026,7528.18000000229
201509,20150918,11,b2,1966.6599999996802,11961.080000002801,20865.7500000015,26486.6599999986,21655.2600000002,13107.5500000034,2758.10000000041,12985.980000003301,13056.1300000035,13174.3000000032,10465.6400000029,6691.44000000104
201509,20150925,12,b2,1489.72999999983,2435.85000000063,5358.70000000272,6674.2400000022,5502.09000000167,3893.6300000011797,1617.69999999981,2561.77000000069,4147.0300000014395,4837.99000000153,4042.5800000011204,3197.50000000091
201509,20150926,13,b2,1322.49999999983,2967.0900000004603,4721.17000000158,4244.33000000123,4640.4900000014895,3323.2800000004804,1082.91999999986,2762.80000000042,3660.46000000096,3409.3200000008,3967.0700000009297,2772.82000000034
201510,20151009,14,b2,2863.93999999981,7298.4800000015,10960.2100000025,11424.580000002801,9329.410000001959,6874.78000000164,4035.93,8898.31000000178,11094.3700000021,10588.470000002,7542.4000000017795,4965.52000000115
201510,20151011,15,b2,842.7699999999271,1667.9699999997501,2649.75000000029,2437.04000000016,2356.6400000001,2120.86999999994,1010.34999999991,1951.40999999972,2459.7000000001603,2315.08000000006,2577.81000000019,2243.93000000005
201510,20151015,16,b2,2857.35999999992,11249.2200000027,29516.4000000039,34593.4800000019,22651.3500000034,12911.370000003799,5441.38000000115,16274.2700000035,21789.9800000039,18873.1800000034,13171.850000003,8157.000000001801
201510,20151015,17,b2,2857.35999999992,11249.2200000027,29516.4000000039,34593.4800000019,22651.3500000034,12911.370000003799,5441.38000000115,16274.2700000035,21789.9800000039,18873.1800000034,13171.850000003,8157.000000001801
201510,20151017,18,b2,4397.930000000139,18126.6600000015,23428.8800000023,21635.5400000023,19394.5500000022,14170.310000001798,6510.48000000039,23509.9900000023,23013.9800000018,21227.7600000021,16153.5100000016,9529.66000000105
201510,20151017,19,b2,6836.38000000181,4722.92000000204,5990.320000002889,9147.000000003709,7259.530000002729,4386.77000000149,6730.96000000188,5139.2000000025,6969.050000003211,12504.6200000051,7701.840000003059,4788.070000002101
201510,20151023,20,b2,4232.24000000024,28160.8900000018,63553.3700000018,65888.4499999993,44153.700000001794,25087.010000002403,7400.290000000491,41721.7700000036,46827.160000002696,35928.8500000021,25791.1500000019,15408.6000000015
201510,20151026,21,b2,1924.94999999978,22468.5000000017,57925.4900000021,63244.770000001605,41464.6200000025,24188.1400000023,3905.62000000008,33336.6300000023,38873.2900000026,30593.210000002204,23586.5700000019,15153.970000001598
201511,20151103,22,b2,1295.6399999998,3620.0800000003205,7970.70000000198,9030.02000000228,7176.25000000157,4988.510000001,1496.71999999972,4789.29000000096,5354.01000000105,5393.82000000104,4634.99000000091,3371.04000000029
201511,20151104,23,b2,2293.83999999995,13369.910000001999,34928.2500000011,33388.9900000004,19249.6600000003,10575.3300000018,2230.7699999998604,17915.890000001298,21513.9900000003,15286.8100000021,10026.9400000015,6797.860000001379
201511,20151106,24,b2,918.1899999999221,7629.56000000053,18846.1900000029,19344.0400000026,13689.740000003001,6986.71000000128,1223.14999999987,9103.33000000093,10367.1700000015,8172.530000000859,6064.93000000054,3693.08000000016
201511,20151111,25,b2,4602.64000000114,22854.9299999988,16665.860000003602,12256.7000000035,8333.49000000182,5473.98000000154,8910.230000001851,26741.8599999984,13037.580000003702,9372.33000000211,6775.13000000166,4763.030000001189
201511,20151118,26,b2,3450.30000000019,14604.570000001999,35574.9700000007,34725.6000000001,21778.8100000005,11594.570000002199,3724.48000000031,20619.3700000006,22547.37,17415.4800000008,11980.1800000017,7738.4500000013795
201511,20151121,27,b2,3022.7300000009004,5787.59000000339,7162.95000000418,7447.190000003259,6184.27000000293,4397.57000000188,2613.3500000004396,5620.60000000335,6198.57000000353,6268.990000002739,5461.39000000281,4043.0000000016203
201511,20151121,28,b2,3202.9600000008004,6573.92000000432,5673.0900000033,5606.120000002321,4879.680000002029,3536.61000000094,3281.50000000106,7422.00000000504,5769.89000000347,6328.13000000292,4960.58000000193,3607.60000000113
201511,20151127,29,b2,2535.13000000023,12288.1800000026,22365.7099999994,19005.2900000012,12254.1300000024,7511.980000001071,3243.00000000033,19321.3600000008,20447.35,14081.4600000026,9465.420000001759,7100.19000000114
201511,20151127,30,b2,6867.56000000124,28639.2999999992,24914.689999998598,18992.7199999995,13183.120000003799,9103.9200000027,10262.6800000027,36008.7999999995,20393.5099999997,15483.4600000037,11023.390000003401,7312.2400000015505
201512,20151206,31,b2,1133.34999999982,4999.56000000083,4771.86000000074,4614.09000000089,5113.30000000086,3904.52000000063,1150.3499999998,4250.25000000087,3509.91000000049,3391.62000000047,4079.17000000069,2833.19000000033
201512,20151212,32,b2,2828.2000000000103,2618.95999999993,4051.3500000010204,4574.61000000188,4359.43000000144,3167.92000000062,2352.5499999999697,2357.5799999998603,3783.7200000006396,5621.15000000239,4112.45000000097,2899.31000000018
201512,20151217,33,b2,3289.27000000029,10920.390000002,26236.379999999503,25079.879999999102,15465.0100000022,8393.05000000155,3049.73000000034,15554.2800000018,17629.030000001498,13060.7600000017,8918.23000000154,5574.53000000068
201512,20151218,34,b2,195.759999999999,244.55000000000197,500.02999999996103,551.109999999961,488.23999999996397,402.749999999973,223.65999999999698,271.22999999999803,432.069999999966,521.409999999966,454.14999999996803,319.629999999984
201512,20151218,35,b2,1817.1499999998102,3142.01000000076,5048.430000001529,5344.68000000144,4410.22000000084,3103.2500000005703,2079.69999999983,3139.4000000007204,4362.29000000118,4476.66000000091,3926.4700000007106,3074.8600000005895
201512,20151218,36,b2,332.089999999986,643.329999999858,715.199999999894,883.7699999998849,819.2799999998861,560.869999999936,419.059999999955,699.699999999852,566.7999999999311,713.849999999924,566.189999999942,427.919999999963
201512,20151218,37,b2,2801.45000000013,3684.6400000014705,7254.840000003159,8974.220000003492,8741.38000000359,5956.1100000019605,2757.03000000012,4208.760000001621,6080.83000000254,6491.750000001949,7126.71000000235,4984.60000000183
201512,20151218,38,b2,4238.80000000057,25065.5700000022,50300.9399999949,50025.5899999941,34547.3300000011,21777.5000000036,8180.680000001371,40359.6599999948,41663.0699999939,32604.530000002298,24946.5200000018,16455.2200000037
201601,20160125,39,b2,819.8599999999319,7185.43000000147,15420.5500000044,19257.0700000021,16604.890000003503,10993.3800000027,875.549999999908,8212.1500000016,9472.29000000264,9328.82000000203,7463.11000000104,5533.45000000079
201602,20160216,40,b2,899.619999999921,1323.4299999996601,2274.6099999998896,2974.60000000034,2842.0300000001803,2479.73000000011,920.2899999999099,1519.15999999969,2049.37999999966,2806.0700000002303,2652.16000000015,2433.67000000005
201603,20160313,41,b2,36486.0,82921.0,162334.0,148489.0,141426.0,120740.0,33620.0,90606.0,142951.0,117240.0,121112.0,95359.0
201603,20160318,42,b2,178706.0,360378.0,532218.0,588114.0,495842.0,381899.0,221647.0,379447.0,468605.0,488324.0,448398.0,386021.0
201603,20160321,43,b2,20754.0,130446.0,377352.0,446613.0,385479.0,304727.0,26230.0,160678.0,219668.0,184947.0,155498.0,146658.0
201603,20160326,44,b2,101797.0,372695.0,376549.0,337753.0,363627.0,353029.0,109458.0,356407.0,255841.0,234684.0,241754.0,228411.0
201603,20160331,45,b2,34718.0,232541.0,646263.0,781316.0,651441.0,508728.0,41583.0,283891.0,386932.0,337304.0,284630.0,250631.0
201604,20160402,46,b2,3496764.0,2839964.0,3413252.0,4390358.0,3668620.0,2489696.0,3441636.0,2942554.0,3862666.0,6111106.0,3925478.0,2318586.0
201604,20160402,47,b2,437784.0,529478.0,793434.0,956772.0,962778.0,895444.0,458314.0,664502.0,789400.0,1100448.0,1032900.0,1000440.0
201604,20160412,48,b2,303306.0,1584762.0,2648644.0,3453858.0,3084924.0,2276368.0,376630.0,1756448.0,1743392.0,1764840.0,1488524.0,1154888.0
201604,20160417,49,b2,113096.0,621236.0,652574.0,640942.0,739810.0,932592.0,124756.0,597682.0,513886.0,508258.0,585184.0,527012.0
201604,20160420,50,b2,301681.0,749613.0,2139446.0,2318548.0,1540740.0,1050993.0,208434.0,1012207.0,1352325.0,1092637.0,768382.0,616107.0
201604,20160421,51,b2,288312.0,738468.0,1314586.0,1463772.0,1191754.0,1052378.0,256402.0,922456.0,932696.0,865554.0,732932.0,666906.0
201604,20160422,52,b2,245068.0,695892.0,1283626.0,1321966.0,1144558.0,715440.0,273884.0,734932.0,889036.0,880296.0,752592.0,525760.0
201604,20160422,53,b2,449248.0,1537644.0,3435964.0,3294198.0,2227374.0,1632596.0,527554.0,2449836.0,3026372.0,2314118.0,1535096.0,1414494.0
201604,20160423,54,b2,778752.0,4188720.0,2382932.0,1614512.0,1517764.0,1224260.0,887800.0,4404902.0,2077112.0,1734746.0,1388006.0,1079272.0
201604,20160423,55,b2,143474.0,488866.0,627508.0,555618.0,531698.0,360328.0,159044.0,488046.0,504146.0,477020.0,460126.0,330708.0
201604,20160423,56,b2,221320.0,1264828.0,1797996.0,1677858.0,1560312.0,1376664.0,273538.0,1679288.0,1779678.0,1506448.0,1297382.0,966814.0
201604,20160429,57,b2,128930.0,342924.0,1178404.0,1438181.0,1075870.0,829325.0,83067.0,464730.0,799245.0,652195.0,482191.0,389520.0
201604,20160430,58,b2,262288.0,577080.0,1147148.0,1253612.0,1230030.0,920116.0,234952.0,587768.0,877474.0,933420.0,930072.0,690142.0
201604,20160430,59,b2,420596.0,508118.0,787344.0,972986.0,875214.0,745232.0,421438.0,538156.0,711916.0,936600.0,682236.0,580834.0
201605,20160501,60,b2,87428.0,139471.0,208907.0,221698.0,176184.0,169174.0,95883.0,152294.0,203134.0,226156.0,154754.0,161943.0
201605,20160501,61,b2,122102.0,200940.0,324925.0,333440.0,299830.0,246107.0,103883.0,192675.0,280819.0,284946.0,255226.0,247252.0
201605,20160505,62,b2,66756.0,208237.0,232825.0,258294.0,277032.0,238172.0,75261.0,199539.0,193701.0,201877.0,189739.0,156560.0
201605,20160506,63,b2,124893.0,337609.0,411604.0,481870.0,394546.0,352294.0,191707.0,439215.0,420516.0,473025.0,342596.0,247662.0
201605,20160506,64,b2,200262.0,368753.0,534971.0,536346.0,601582.0,483603.0,162028.0,336387.0,443416.0,508450.0,581235.0,483580.0
201605,20160513,65,b2,183088.0,376301.0,839444.0,987496.0,760917.0,535211.0,356110.0,563009.0,714136.0,719669.0,480565.0,369528.0
201605,20160513,66,b2,110853.0,481248.0,1116142.0,1209604.0,863654.0,567562.0,216226.0,743429.0,883428.0,737672.0,488245.0,356647.0
201605,20160514,67,b2,61318.0,166418.0,179150.0,148778.0,141709.0,94717.0,67353.0,178758.0,152589.0,133953.0,131333.0,94272.0
201606,20160603,68,b2,4200.83000000007,17962.4200000042,30524.9900000033,27930.7600000033,24986.520000002,20013.960000001898,3920.7299999999104,19815.7700000046,23599.6300000045,22030.990000004,20230.460000003703,13560.5200000036
201606,20160604,69,b2,3241.02999999991,15278.790000000801,20588.2000000013,18127.8300000017,15733.750000001599,13405.310000001102,4849.57000000007,20386.3000000007,21083.2000000011,18442.1600000015,15650.480000001002,11852.460000000901
201606,20160604,70,b2,2577.81000000012,9177.29000000476,7044.840000003009,6101.2700000022,5676.01000000202,5060.61000000166,4154.48000000115,14991.9700000052,7066.100000002691,6743.940000002371,5897.20000000239,4863.39000000152
201606,20160604,71,b2,2217.25999999991,3598.9900000011894,5724.10000000245,5460.46000000175,4283.43000000083,3550.56000000041,2770.68000000027,4519.56000000197,4716.05000000166,4591.6700000012,3508.5400000006202,3086.87000000034
201606,20160617,72,b2,3687.94000000075,2683.70000000009,5372.1300000029,6058.54000000275,4717.58000000187,3776.4300000011604,3075.41000000037,2888.1700000001597,4462.71000000177,6311.16000000254,4526.6900000017495,3871.3900000008703
201606,20160630,73,b2,1669.56999999975,6125.6200000034705,7079.62000000312,6800.09000000209,5161.43000000129,3496.73000000043,2022.61999999974,7083.60000000362,5587.0800000022,4989.84000000127,3756.12000000055,3078.9000000002397
