festival_id,restaurants_id
1,27348727
1,27407959
1,21232315
1,1346301870
1,220828644
1,2067124772
1,15892869
1,11152625
1,18608004
1,11064200
1,1488776818
1,21306149
1,15300740
1,21233273
1,26608740
1,19781214
1,10703052
1,27493789
1,207440691
1,23966819
1,10852259
1,10372376
1,11796066
1,13288545
1,901404875
1,11558033
1,7885256
1,781644913
1,8577709
1,23054755
1,10679979
1,12518556
1,855897677
1,10256976
1,27584398
1,20401968
1,21324404
1,18274189
1,631732137
1,12447947
1,1840903361
1,13288123
1,932190838
1,14557616
1,27470623
5,27257671
5,10989675
5,7955033
5,8167893
5,1738924833
5,11047425
5,1715421113
5,10247677
5,17064060
5,27587934
5,16917582
5,18385136
5,9638083
5,11623866
5,26455033
5,9409171
5,19774912
5,16851125
5,19924290
5,666278359
5,16907406
5,406154640
5,677767540
5,9871015
5,13603065
5,27542147
5,15216358
5,485941778
5,1099555842
5,21582012
5,27221784
5,26903477
5,764521084
5,27332870
5,1736825517
5,21298883
5,254563013
5,1299900005
5,16637872
5,16093309
5,27601452
5,1062587173
5,27503431
5,1088107593
5,903680286
6,10082639
6,8481800
6,57805118
6,10908820
6,9690680
6,703272028
6,9549368
6,16461427
6,21491825
6,10046040
6,15578562
6,9958661
6,21486035
6,9005939
6,1049319170
6,10886743
6,19141907
6,23769932
6,11064886
6,21350223
6,295269830
6,9156306
6,14685805
6,9296468
6,22883494
6,19049332
6,8760375
6,16210735
6,10400045
6,17956840
6,8140965
6,2079154993
6,25413060
6,721209898
6,11258933
6,10763586
6,19287693
6,8564410
6,9509017
6,26000543
6,8510829
6,13640953
6,16546305
6,9098794
6,775388617
10,187151325
10,325620570
10,9217906
10,15107601
10,26939490
10,9341030
10,26547607
10,9490689
10,681342661
10,8459531
10,14747411
10,7998251
10,21697154
10,204974038
10,15337671
10,344763652
10,2061208553
10,27306245
10,9583651
10,1049797803
10,25000088
10,27323374
10,20198541
10,13096742
10,8061153
10,505372166
10,222388232
10,1160076273
10,71777233
10,27589889
10,27195887
10,16820460
10,101202542
10,27596619
10,7849743
10,10381387
10,7854610
10,12323287
10,26828958
10,16057241
10,573195318
10,16586645
10,25703358
10,12344321
10,8136249
15,16622191
15,21545282
15,13289961
15,27184809
15,11055776
15,18612273
15,11165764
15,7816231
15,23488512
15,20493897
15,27388829
15,27341262
15,14742909
15,12806277
15,27514951
15,1017688908
15,21332784
15,17770661
15,20809364
15,959906798
15,850261403
15,8135710
15,733561359
15,61565227
15,17222683
15,573684816
15,13583900
15,13228522
15,23098077
15,26575743
15,9026912
15,16593549
15,23485818
15,349505101
15,14736774
15,16473493
15,11108789
15,10761242
15,8231166
15,10066767
15,20617538
15,8279880
15,1885386248
15,11440868
15,21310496
16,1228257268
16,27209120
16,27226004
16,8051240
16,12700169
16,714386564
16,8798107
16,12180619
16,950800016
16,26869833
16,13280285
16,8567349
16,10257556
16,890148804
16,15704053
16,26330615
16,1352275803
16,12101770
16,1744333427
16,136078605
16,480593821
16,1598871123
16,14660253
16,27392872
16,551875435
16,1906762767
16,235809326
16,780769195
16,934064892
16,27266879
16,8935872
16,1710447929
16,9667491
16,10266913
16,1745567586
16,20307181
16,11831385
16,9456896
16,26561190
16,10767289
16,1726979520
16,18320713
16,9476302
16,26944722
16,8343273
17,21326655
17,27540102
17,27407959
17,967729291
17,2067124772
17,1346301870
17,18608004
17,21232315
17,21233273
17,1488776818
17,2038128499
17,11064200
17,7937472
17,13314584
17,26608740
17,19781214
17,11796066
17,220828644
17,27501286
17,7885256
17,8051186
17,10703052
17,23966819
17,26558016
17,15431872
17,901404875
17,839834408
17,16413731
17,18306071
17,27105687
17,855897677
17,18274189
17,12447947
17,22320716
17,781644913
17,8577709
17,26897163
17,10372376
17,2028882599
17,536172924
17,27271374
17,525029118
17,305893263
17,17927441
17,323513671
19,27306859
19,561633351
19,21555096
19,8954829
19,460492777
19,27413725
19,25984103
19,916333750
19,21332445
19,22961938
19,1705574276
19,26931187
19,596544016
19,2025519575
19,2092569747
19,7852526
19,27338284
19,442337123
19,10199904
19,24057506
19,25463398
19,18361876
19,26792243
19,1783377814
19,8624124
19,1865972978
19,497931179
19,50159054
19,1834810171
19,14503615
19,22645565
19,731469845
19,1663022585
19,13092178
19,22278601
19,27495295
19,24049171
19,14542127
19,18783566
19,7860491
19,800964702
19,2106765869
19,9744554
19,27607834
19,25665458
21,21326655
21,967729291
21,21232315
21,27540102
21,1346301870
21,18608004
21,27348727
21,24725293
21,2038128499
21,27407959
21,8381402
21,11064200
21,2067124772
21,7937472
21,26608740
21,27506479
21,23966819
21,21233273
21,10703052
21,811272424
21,7885256
21,17278908
21,220828644
21,1619274444
21,2053098478
21,27501286
21,1157109834
21,11796066
21,781644913
21,10311622
21,1488776818
21,13327664
21,15751933
21,11120041
21,2028882599
21,15204021
21,27105687
21,21325473
21,305893263
21,23231439
21,1969790364
21,650374759
21,8577709
21,901404875
21,12518556
22,24725293
22,19158798
22,1367229148
22,34237220
22,909320698
22,7997827
22,14612458
22,8199745
22,27506479
22,11082648
22,11513016
22,12098170
22,1491327179
22,21354090
22,20061368
22,27373320
22,1596298980
22,739727943
22,8641005
22,10371445
22,890992896
22,792642248
22,8063935
22,11162975
22,27269590
22,8359176
22,20945113
22,19708472
22,1179567185
22,25752359
22,27281766
22,119820827
22,2047940243
22,1256281692
22,15263398
22,14599963
22,7863703
22,10738230
22,7896379
22,14078233
22,26417388
22,21959342
22,8513154
22,1147214519
22,13332560
23,27306859
23,561633351
23,21555096
23,8954829
23,460492777
23,27413725
23,25984103
23,916333750
23,21332445
23,22961938
23,1705574276
23,596544016
23,26931187
23,2025519575
23,2092569747
23,7852526
23,27338284
23,442337123
23,10199904
23,24057506
23,26792243
23,18361876
23,25463398
23,1783377814
23,8624124
23,50159054
23,1865972978
23,497931179
23,1663022585
23,14503615
23,22645565
23,1834810171
23,27495295
23,13092178
23,22278601
23,731469845
23,24049171
23,7860491
23,18783566
23,14542127
23,800964702
23,2106765869
23,25665458
23,9744554
23,27287650
24,1078082270
24,1797734944
24,595718850
24,16047820
24,17867126
24,2025628380
24,19514744
24,16875056
24,1600702435
24,940222852
24,181697878
24,189896195
24,20527224
24,648089789
24,27471573
24,17875103
24,1868381827
24,15335152
24,242216404
24,16732261
24,1851279485
24,20549903
24,552016879
24,1232860834
24,20534968
24,19039988
24,21693089
24,13051059
24,18830271
24,27591167
24,21232193
24,9768151
24,16706827
24,21798608
24,481369958
24,20230965
24,22016939
24,93609632
24,1421393167
24,208992261
24,15984354
24,1675767633
24,8119156
24,16995626
24,16555910
25,27348727
25,27407959
25,1346301870
25,21232315
25,220828644
25,2067124772
25,15892869
25,11152625
25,18608004
25,11064200
25,1488776818
25,21306149
25,15300740
25,21233273
25,26608740
25,19781214
25,10703052
25,27493789
25,207440691
25,23966819
25,10852259
25,10372376
25,11796066
25,13288545
25,901404875
25,11558033
25,781644913
25,7885256
25,23054755
25,8577709
25,10679979
25,12518556
25,27584398
25,855897677
25,10256976
25,20401968
25,21324404
25,18274189
25,631732137
25,12447947
25,1840903361
25,13288123
25,932190838
25,14557616
25,27470623
26,27348727
26,27407959
26,21232315
26,1346301870
26,220828644
26,2067124772
26,15892869
26,11152625
26,18608004
26,11064200
26,1488776818
26,21306149
26,15300740
26,21233273
26,26608740
26,19781214
26,10703052
26,27493789
26,207440691
26,23966819
26,10852259
26,10372376
26,11796066
26,13288545
26,901404875
26,11558033
26,781644913
26,7885256
26,23054755
26,8577709
26,10679979
26,12518556
26,27584398
26,855897677
26,10256976
26,20401968
26,21324404
26,18274189
26,631732137
26,12447947
26,13288123
26,1840903361
26,932190838
26,14557616
26,27470623
27,21532276
27,15917933
27,391817407
27,7937741
27,1930890774
27,8129950
27,138122831
27,10479275
27,7870740
27,420317329
27,21656051
27,2138825234
27,1496980473
27,24064162
27,2056053989
27,908523329
27,591398071
27,11892078
27,10567486
27,382962073
27,12178605
27,977758389
27,15800636
27,1250554335
27,20944335
27,21878714
27,11892219
27,65305259
27,1796576261
27,20459116
27,182655186
27,875748866
27,565696095
27,1067041783
27,7920365
27,1958845752
27,2140949024
27,18845715
27,21234625
27,1742973272
27,613101661
27,54805257
27,1943348861
27,31629577
27,13491618
28,15982071
28,27407959
28,2067124772
28,11152625
28,19781214
28,1488776818
28,17187804
28,8178288
28,27493789
28,10325577
28,18438679
28,10679979
28,855897677
28,11211921
28,10256976
28,11558033
28,26470073
28,21324404
28,25160469
28,106387862
28,10592826
28,8157826
28,8247612
28,2000471975
28,27584398
28,396824256
28,8352811
28,2025357615
28,8964000
28,8221130
28,10854191
28,11143903
28,23149186
28,2088305874
28,21397192
28,27423163
28,1444359802
28,27189472
28,8154529
28,8531849
28,21340612
28,21928646
28,9813553
28,455954502
28,27072194
29,27306859
29,561633351
29,21555096
29,27413725
29,8954829
29,25984103
29,460492777
29,22961938
29,916333750
29,1705574276
29,21332445
29,26931187
29,596544016
29,2092569747
29,2025519575
29,7852526
29,442337123
29,24057506
29,18361876
29,26792243
29,27338284
29,25463398
29,10199904
29,8624124
29,1783377814
29,1865972978
29,497931179
29,1834810171
29,13092178
29,731469845
29,27495295
29,1663022585
29,50159054
29,22278601
29,800964702
29,14542127
29,22645565
29,7860491
29,14503615
29,18783566
29,24049171
29,27287650
29,20180862
29,10314219
29,14499993
30,8176347
30,561633351
30,1705574276
30,26931187
30,8954829
30,22961938
30,916333750
30,21332445
30,2025519575
30,460492777
30,10199904
30,25984103
30,22645565
30,8700075
30,731469845
30,25463398
30,2092569747
30,11520636
30,1865972978
30,338935651
30,8624124
30,497931179
30,22278601
30,1783377814
30,14542127
30,9744554
30,27338284
30,27607834
30,50159054
30,18783566
30,138122831
30,14556210
30,1834810171
30,24047970
30,11226462
30,2106765869
30,26492303
30,25665458
30,13092178
30,24049171
30,1539090637
30,27287650
30,2878433
30,7870740
30,14503615
31,8176347
31,561633351
31,1705574276
31,26931187
31,8954829
31,22961938
31,916333750
31,21332445
31,2025519575
31,460492777
31,10199904
31,25984103
31,22645565
31,8700075
31,731469845
31,25463398
31,2092569747
31,11520636
31,1865972978
31,338935651
31,8624124
31,497931179
31,22278601
31,1783377814
31,14542127
31,9744554
31,27338284
31,27607834
31,50159054
31,18783566
31,138122831
31,14556210
31,1834810171
31,24047970
31,11226462
31,2106765869
31,26492303
31,25665458
31,13092178
31,24049171
31,1539090637
31,27287650
31,2878433
31,7870740
31,14503615
32,2040655168
32,250704401
32,763250184
32,408863053
32,12990437
32,1367229148
32,829236335
32,1376992930
32,7997827
32,8041476
32,1906742090
32,27269590
32,8524280
32,9820808
32,14505954
32,1941428853
32,8005800
32,1619274444
32,13327664
32,2053098478
32,11120041
32,13499887
32,16734831
32,1100835478
32,1715596267
32,2047940243
32,1599567374
32,1354467190
32,8359176
32,8641005
32,27494735
32,8074478
32,591996800
32,835373645
32,8199745
32,1352752034
32,1497027837
32,1825097161
32,19708472
32,378458912
32,1256281692
32,14599963
32,1758384471
32,7818113
32,8034231
33,27306859
33,561633351
33,21555096
33,8954829
33,460492777
33,27413725
33,25984103
33,916333750
33,21332445
33,22961938
33,1705574276
33,26931187
33,596544016
33,2025519575
33,2092569747
33,7852526
33,27338284
33,442337123
33,10199904
33,24057506
33,25463398
33,18361876
33,26792243
33,1783377814
33,8624124
33,1865972978
33,497931179
33,50159054
33,1834810171
33,14503615
33,22645565
33,731469845
33,1663022585
33,13092178
33,22278601
33,27495295
33,24049171
33,14542127
33,18783566
33,7860491
33,800964702
33,2106765869
33,9744554
33,27607834
33,25665458
34,24725293
34,27540102
34,14612458
34,1367229148
34,27506479
34,8381402
34,1596298980
34,34237220
34,909320698
34,11082648
34,8199745
34,20333726
34,7896379
34,792642248
34,15263398
34,10371445
34,2028882599
34,27373320
34,11513016
34,15751933
34,1491327179
34,8063935
34,20945113
34,13332560
34,8099492
34,20061368
34,16991898
34,21354090
34,21959342
34,890992896
34,439177229
34,14078233
34,11162975
34,1147214519
34,119820827
34,37424210
34,1791766556
34,1179567185
34,10738230
34,12447534
34,8513154
34,27281766
34,1693365113
34,971121714
34,8096496
35,25036918
35,1285325677
35,7992623
35,27388900
35,16903726
35,1050989981
35,21029575
35,12506676
35,10439711
35,1410745899
35,8853925
35,19162981
35,17066486
35,894700458
35,19140202
35,1909959007
35,8635963
35,25118147
35,16268317
35,1412092641
35,19031971
35,2129205762
35,21325635
35,27234119
35,1624572111
35,1313463309
35,1073948223
35,1867465387
35,1790387769
35,2045838505
35,204679046
35,20692463
35,1723729919
35,561226902
35,8831560
35,2039328091
35,26781647
35,18238900
35,23418082
35,7873603
35,1740500751
35,1254713138
35,1963920100
35,15607881
35,907221168
36,21535686
36,1974912405
36,27474269
36,17361137
36,276673831
36,18324577
36,26966268
36,124338573
36,1703012884
36,26814600
36,64685570
36,20104975
36,27462552
36,11658298
36,17357834
36,25090873
36,24944823
36,27549051
36,27510661
36,27494932
36,24879049
36,1285925609
36,12765646
36,19723946
36,20373260
36,1796473441
36,14934764
36,26928254
36,17061718
36,11646433
36,216282340
36,1952478679
36,27105570
36,11401521
36,1237680371
36,25130850
36,22484529
36,14608358
36,1160656793
36,14750890
36,14500573
36,27300057
36,231420365
36,18840628
36,26904863
37,2006036855
37,10469081
37,12447469
37,8739377
37,10617612
37,15888481
37,15942702
37,15189120
37,27099047
37,18338904
37,400067777
37,27263579
37,15702095
37,10275377
37,21776599
37,20347736
37,1573247987
37,18754045
37,10094273
37,25040546
37,15717459
37,1770466898
37,1554604357
37,14751744
37,1679329885
37,15542900
37,1312820150
37,15504918
37,11870807
37,8025459
37,26984119
37,427974188
37,25479129
37,25646745
37,26485596
37,2040000069
37,315414689
37,196509517
37,8339084
37,1049277589
37,27494959
37,15820811
37,21442488
37,9284985
37,514865124
38,487116221
38,26792732
38,12265333
38,18521353
38,20089805
38,931060242
38,69842167
38,1658512250
38,15278736
38,11820650
38,1059380190
38,776506368
38,437233415
38,12435138
38,14829844
38,1927373984
38,999167061
38,27256918
38,617389325
38,15831022
38,7920884
38,12341235
38,79790425
38,24019212
38,12153988
38,22378402
38,16794232
38,1936112347
38,1624647804
38,12702135
38,13287530
38,651376130
38,1989921382
38,10350112
38,2039505172
38,21420053
38,683210400
38,7855226
38,27403271
38,1568236823
38,19332217
38,26458155
38,15424768
38,115205221
38,1301399375
39,1809904510
39,18522216
39,2132131795
39,21414890
39,20103235
39,1688827203
39,11749323
39,301538502
39,984236026
39,1901037225
39,2112192412
39,26910507
39,25813617
39,804297513
39,13287111
39,525281816
39,9994816
39,206833111
39,25002370
39,20743454
39,1747336073
39,1567079787
39,16060080
39,16057001
39,27257206
39,16848633
39,25778353
39,16064411
39,8196751
39,424112800
39,507627155
39,1381392864
39,16441691
39,16884588
39,16708030
39,26816627
39,1204197053
39,26350725
39,181205705
39,27182813
39,7865870
39,20749185
39,8873520
39,1785884520
39,16823774
40,12394361
40,9506831
40,26895356
40,1542964851
40,1317873010
40,1624951528
40,15383538
40,905833957
40,1044239398
40,24045241
40,19857441
40,9212593
40,833348805
40,16505127
40,366655652
40,1366316659
40,19360766
40,21411169
40,354980313
40,1335959322
40,316223526
40,26874409
40,1910496019
40,20625615
40,17520313
40,20692538
40,18205030
40,1389332174
40,1410099173
40,27090884
40,914004475
40,21331132
40,8084682
40,26264034
40,27504396
40,24046173
40,1298027984
40,542638106
40,1857841704
40,181693790
40,16679840
40,7862195
40,1858383486
40,1375897976
40,486212608
41,1833590040
41,8726830
41,116125347
41,1207496559
41,20549279
41,26773627
41,710834889
41,2024041677
41,489372057
41,1050495719
41,11486122
41,15672444
41,410908924
41,1087309733
41,21402527
41,10773508
41,23958787
41,10272503
41,16058018
41,13495360
41,16473920
41,1615449380
41,10674652
41,2120393544
41,13280212
41,1953657217
41,13024821
41,755951299
41,21656174
41,15411210
41,1018195985
41,200104766
41,7876697
41,16009859
41,225321211
41,975150641
41,2019899202
41,24352964
41,21353496
41,18473629
41,1989063370
41,16382924
41,14100578
41,1859138035
41,19392228
42,1417496019
42,12502472
42,1915691931
42,1285896936
42,1211373329
42,1882210601
42,283519875
42,27122232
42,896503806
42,719999891
42,16705141
42,8189465
42,7850682
42,27255725
42,897267804
42,10018737
42,27432285
42,22213706
42,406150650
42,105611109
42,12709799
42,10380696
42,1124759921
42,25550015
42,8117867
42,2117343726
42,1105215332
42,15291911
42,24521107
42,20560630
42,26631356
42,12208788
42,1938722720
42,16645624
42,150524631
42,2036495738
42,16876925
42,365321483
42,1294103726
42,17300369
42,687675415
42,16676012
42,340691731
42,8119697
42,8647327
43,12460195
43,1701868494
43,18539172
43,27444472
43,2147100552
43,7908636
43,17588226
43,9054096
43,27496127
43,10625264
43,21237096
43,258630503
43,17550298
43,27478815
43,1676142968
43,21414329
43,9205614
43,1163481691
43,1610937135
43,1575054414
43,65946463
43,27603633
43,827764719
43,20534341
43,8093485
43,27266923
43,13287922
43,1445990797
43,1541371104
43,1461918151
43,23786499
43,1673662721
43,558704688
43,1287008852
43,244846284
43,17360930
43,1099388561
43,2045907422
43,15668564
43,19147149
43,2083127358
43,145407990
43,692784222
43,579715100
43,1483918776
44,7815463
44,2097885929
44,16590379
44,21960130
44,13608491
44,1572967845
44,26898894
44,23495499
44,19850675
44,298434750
44,22675486
44,767594066
44,1576324744
44,20743795
44,25808164
44,18539172
44,1856200473
44,16051406
44,1553758187
44,26792775
44,16328989
44,26539020
44,21237293
44,736602099
44,1610937135
44,14491199
44,27274133
44,14879333
44,21414329
44,14098947
44,18657479
44,366711213
44,548829337
44,448912210
44,20534341
44,27589666
44,17588226
44,832664270
44,17099950
44,790844075
44,27338290
44,258630503
44,827764719
44,11932892
44,579715100
45,21232373
45,27483462
45,611654148
45,288733602
45,19156674
45,27164145
45,26800014
45,16317522
45,17794936
45,21312658
45,16147900
45,18839561
45,16746763
45,24203258
45,18889797
45,21391475
45,1389004092
45,118333888
45,380562553
45,431273067
45,15724351
45,19973056
45,18829806
46,8176347
46,561633351
46,1705574276
46,26931187
46,8954829
46,22961938
46,916333750
46,21332445
46,2025519575
46,460492777
46,10199904
46,25984103
46,22645565
46,8700075
46,731469845
46,25463398
46,2092569747
46,11520636
46,1865972978
46,338935651
46,8624124
46,497931179
46,22278601
46,1783377814
46,14542127
46,9744554
46,27338284
46,27607834
46,50159054
46,18783566
46,138122831
46,14556210
46,1834810171
46,24047970
46,11226462
46,2106765869
46,26492303
46,25665458
46,13092178
46,24049171
46,1539090637
46,27287650
46,2878433
46,7870740
46,14503615
47,8176347
47,561633351
47,1705574276
47,26931187
47,8954829
47,22961938
47,916333750
47,21332445
47,2025519575
47,460492777
47,10199904
47,25984103
47,22645565
47,8700075
47,731469845
47,25463398
47,2092569747
47,11520636
47,1865972978
47,338935651
47,8624124
47,497931179
47,22278601
47,1783377814
47,14542127
47,9744554
47,27338284
47,27607834
47,50159054
47,18783566
47,138122831
47,14556210
47,1834810171
47,24047970
47,11226462
47,2106765869
47,26492303
47,25665458
47,13092178
47,24049171
47,1539090637
47,27287650
47,2878433
47,7870740
47,14503615
48,132251546
48,9235193
48,15887659
48,26541520
48,12722159
48,1430669786
48,1960075991
48,13321558
48,1624129927
48,15952694
48,10673415
48,801227960
48,16646821
48,1306092036
48,20524191
48,1126183666
48,13018437
48,14088544
48,27579021
48,1933812929
48,1836165026
48,927793245
48,19175819
48,26347400
48,1752068364
48,15980007
48,8597039
48,694674790
48,11075106
48,11166187
48,301498219
48,16045992
48,9661948
48,2109455459
48,100768054
48,20634612
48,14951529
48,27326367
48,771266103
48,20743736
48,26623899
48,8851352
48,1700543782
48,21403412
48,1485204975
49,2029569771
49,16415758
49,13290661
49,946681694
49,16677459
49,21320170
49,16058381
49,15867228
49,15933227
49,515635975
50,26940039
50,193384551
50,26541520
50,9235193
50,12722159
50,631639153
50,14931853
50,13321558
50,15952694
50,1836165026
50,1717280022
50,10673415
50,952557904
50,9961512
50,1306092036
50,20524191
50,7945775
50,1840970076
50,26347400
50,694674790
50,1752068364
50,301498219
50,14088544
50,13018437
50,927793245
50,20749835
50,20634612
50,13494415
50,1436749826
50,27579021
50,1397031740
50,9661948
50,702948474
50,14951529
50,27197008
50,771266103
50,20743736
50,1515230113
50,8851352
50,527146378
50,9320991
50,27312037
50,11927818
50,1776530714
50,22646190
51,21242362
51,19009761
51,17420133
51,20196282
51,9060398
51,12003233
51,12394858
51,15813937
51,21329519
51,16533369
51,15474892
51,93838383
51,8196910
51,301626312
51,23576421
51,15697045
51,8071056
51,27515819
51,13122303
51,20745112
51,27513202
51,21406040
51,21407591
51,21408538
51,15743406
51,318598104
51,20621326
51,21395306
51,21542399
51,8693777
51,24056708
51,21407513
51,21407983
51,20746261
51,23994030
51,21656350
51,21408893
51,27514111
51,9160042
51,21409615
52,637871051
52,1032182620
52,15097930
52,23489817
52,683353281
52,134757357
52,944838928
52,267259
52,2104058090
52,12139744
52,481546701
52,1037793867
52,1144235074
52,16645849
52,16268798
52,1294919969
52,24061001
52,998639643
52,15223409
52,230030623
52,20540102
52,1182814277
52,1292924039
52,21877961
52,2058495372
52,16050426
52,1337480436
52,8328729
52,21410326
52,19132664
52,723061403
52,12787283
52,111222675
52,13075209
52,1861530937
52,21333828
52,795267287
52,1574940418
52,359006706
52,19157626
52,25952382
52,17007471
52,21442589
52,16044828
52,21572971
53,20526340
53,18279130
53,17060534
53,10344284
53,20027117
53,27145952
53,1305698221
53,26869653
53,1833581741
53,8347349
53,10344387
53,259748753
53,8540921
53,7859798
53,18767256
53,1046396970
53,2143538978
53,21034604
53,1579165724
53,506452195
53,1691863825
53,7873176
53,13311040
53,1486798348
53,152194248
53,25042161
53,23641256
53,7864537
53,606086823
53,12288962
53,12692414
53,14536745
53,24449628
53,12519410
53,544104514
53,8426685
53,10470081
53,9352580
53,13609867
53,220938879
53,27494956
53,1525886780
53,1291559376
53,10326028
53,323861157
54,16050121
54,25068910
54,1622032277
54,24483093
54,1272905054
54,24480888
54,526296311
54,120985155
54,21358703
54,27269591
54,9654229
54,27268983
54,20558325
54,8362777
54,8211062
54,25589150
54,20539565
54,8997552
54,75284325
54,718617982
54,1186421693
54,24870416
54,21547231
54,26588261
54,1549392494
54,27321938
54,27319213
54,27120379
54,1219248688
54,12255557
54,23346976
54,23489817
54,405732510
54,27543657
54,1473758295
54,390232479
54,1579289615
54,19478261
54,21410440
54,7849196
54,1170662684
54,11280281
54,1557616073
54,27467591
54,11817213
55,949098945
55,22895023
55,1591202287
55,733953859
55,8123221
55,1736742094
55,892514586
55,19973683
55,26311060
55,27272711
55,13113825
55,27462028
55,2044157177
55,27253757
55,20231062
55,1202046769
55,1985225055
55,1116627230
55,18257217
55,26610387
55,895272833
55,898487564
55,20699830
55,22353150
55,23734945
55,1622865435
55,999522143
55,27355292
55,406052128
55,20044268
55,1150128584
55,443293859
55,7987817
55,400281849
55,21410206
55,27197478
55,1584387341
55,27233813
55,21332528
55,422921961
55,726593676
55,27288087
55,1547323831
55,27321340
55,12887413
56,1737612851
56,1591202287
56,13113825
56,26610387
56,27376417
56,22895023
56,13326541
56,20044268
56,27462028
56,406052128
56,19009165
56,19032013
56,1736742094
56,22353150
56,733953859
56,22303849
56,24060955
56,21410206
56,27253757
56,19973683
56,1150128584
56,892514586
56,872290726
56,27355292
56,1116627230
56,27281186
56,1916682638
56,23540362
56,26503114
56,18257217
56,20699830
56,2078186665
56,11587582
56,24324645
56,16472628
56,26311060
56,20231062
56,2044157177
56,1985225055
56,11731505
56,1793273361
56,2057792795
56,27315733
56,27337606
56,27248381
57,828640256
57,22705945
57,1251590315
57,11969069
57,1010434073
57,64633006
57,27224833
57,15745279
57,24480888
57,13293907
57,1624027298
57,299024486
57,16049308
57,11521241
57,28707594
57,600878942
57,27224551
57,17789051
57,11931377
57,20539596
57,883575794
57,1932631675
57,27268983
57,10906168
57,1097260764
57,16268949
57,1707192274
57,766242494
57,14529241
57,21409871
57,16326171
57,20539583
57,12165559
57,16471669
57,1859198017
57,49360826
57,390232479
57,56305551
57,228017396
57,16048039
57,24480887
57,710266937
57,1281015038
57,16818457
57,1052780910
58,1368684465
58,16530007
58,27263845
58,1656584541
58,16651541
58,20283429
58,26320090
58,847539866
58,26477118
58,984935864
58,25412365
58,1491446355
58,12667156
58,21025571
58,829229464
58,21605309
58,21686290
58,996947766
58,20811704
58,21329905
58,27335706
58,16300663
58,21731092
58,27264101
58,1966654770
58,22483237
58,1553626894
58,26562090
58,21326576
58,174496859
58,21034490
58,22248717
58,1303137896
58,852159349
58,13083128
58,756429256
58,17770492
58,931374706
58,160031883
58,16070809
58,16563070
58,16273827
58,22248616
58,11873886
58,13560151
59,1272818926
59,338963234
59,2108330788
59,1141940553
59,639811989
59,846091952
59,2080139735
59,1735950205
59,26796581
59,7861686
59,19729652
59,2118863510
59,27510844
59,1487148971
59,27220310
59,27128950
59,23151194
59,1482620508
59,27587182
59,21445049
59,13099927
59,17434293
59,623156736
59,10836096
59,957691965
59,7857083
59,27489462
59,9067287
59,23923073
59,692763874
59,279789318
59,25985526
59,7962874
59,1070397539
59,19010365
59,2038057904
59,1841716590
59,864278562
59,27312895
59,27437883
59,24452523
59,24925199
59,9391186
59,17460367
59,8141210
60,13337204
60,21542892
60,1980348590
60,1174873033
60,17358454
60,16625460
60,15209191
60,27257037
60,1708943189
60,1395744981
60,1525327286
60,354956265
60,572962533
60,2139415907
60,10320740
60,8800440
60,1225843902
60,319246858
60,2006662876
60,8936445
60,21500006
60,127931949
60,16714731
60,21473666
60,1558219597
61,1267454674
61,16092192
61,13291751
61,16528182
61,16797077
61,16704428
61,1453767821
61,1259938496
61,16964684
61,15552414
62,1226967920
62,22045853
62,16044038
62,16094210
62,540212885
62,11495399
62,18508537
62,392727294
62,17024474
62,21330816
62,1067831271
62,48198403
62,16766185
62,1153635092
62,25071301
62,12740961
62,27178226
62,26511135
62,11892494
62,1675005522
62,1138403559
62,10277585
62,1884948997
62,1192617968
62,27388971
62,169982583
62,16557238
62,123009033
62,1854250841
62,326221389
62,27455781
62,428382538
62,13025609
62,898529579
62,1805546225
62,11858247
62,26971222
62,920601164
62,27309208
62,21582611
62,783607227
62,498327338
62,11831379
62,14091476
62,11831389
63,1153356628
64,27407959
64,27348727
64,1346301870
64,2067124772
64,21232315
64,220828644
64,11152625
64,15892869
64,18608004
64,1488776818
64,11064200
64,19781214
64,21233273
64,21306149
64,27493789
64,26608740
64,15300740
64,10703052
64,207440691
64,10852259
64,11796066
64,13288545
64,23966819
64,10372376
64,11558033
64,901404875
64,10679979
64,8178288
64,23054755
64,7885256
64,10256976
64,855897677
64,8577709
64,21324404
64,17187804
64,781644913
64,27584398
64,20401968
64,18274189
64,12518556
64,932190838
64,106387862
64,26470073
64,1840903361
64,13288123
65,15982071
65,27226001
65,2075565128
65,201791029
65,706168887
65,1064891133
65,11834457
65,1520090279
65,12668391
65,18438679
65,21125981
65,894615357
65,14598965
65,18363906
65,19834454
65,1734074797
65,502145879
65,7988820
65,27223901
65,1690408859
65,485135327
65,13716880
65,1235019839
65,8194946
65,8154529
65,9813553
65,12299963
65,704442445
65,615062357
65,15733923
65,18735333
65,1518776935
65,74454368
65,1347179125
65,18936664
65,27306300
65,1491378893
65,11646849
65,1862218769
65,25538186
65,10722343
65,103573953
65,1665023822
65,12638457
65,20198023
66,1560815321
66,16064567
66,1346314725
66,1681280682
66,1300950424
66,26792346
66,865951001
66,741082066
66,2134586343
66,8269232
66,2022756654
66,685577901
66,13282280
66,1196212588
66,16302341
66,1907026004
66,26865071
66,12973789
66,27250312
66,16648449
66,867660893
66,158488965
66,20740882
66,1208458626
66,24711506
66,20746911
66,1027299004
66,16622248
66,15711198
66,2145832110
66,17519969
66,19562919
66,1663478564
66,20744937
66,21529599
66,23929161
66,16420607
66,447857937
66,20745573
66,19014723
66,21392907
66,16061082
66,16447699
66,20541509
66,897883065
67,715473981
67,16530619
67,11833957
67,20555997
67,14615514
67,16325761
67,24324188
67,8312894
67,20555993
67,1994845989
67,93081789
67,561944847
67,11937663
67,16794630
67,10539490
67,270886439
67,27378955
67,500766093
67,427450328
67,27511569
67,10142806
67,23340385
67,22320824
67,27322982
67,10908915
67,20561651
67,9348057
67,21232394
67,1312314773
67,1353677541
67,382135364
67,7907450
67,1821804360
67,18873727
67,26595641
67,8117350
67,25775458
67,14549052
67,1832948420
67,27432604
67,12255554
67,90750323
67,26840562
67,672088821
67,659797202
68,24658744
68,2097885929
68,25450376
68,16590379
68,229428334
68,1799582622
68,26086942
68,26491619
68,140377526
68,1230879641
68,27174611
68,16997192
68,8015984
68,17849636
68,592034631
68,331097438
68,17005666
68,21960130
68,2075548768
68,888891243
68,13608491
68,1944117785
68,26904390
68,9924087
68,27525545
68,1171557896
68,1254595213
68,26898894
68,298434750
68,1572967845
68,27125969
68,19850675
68,767594066
68,13122817
68,23495499
68,17079038
68,1365118901
68,1922012169
68,311184645
68,20373658
68,583525566
68,20026450
68,1578507699
68,1576324744
68,19418100
69,10658514
69,2109022887
69,13323880
69,23993444
69,27015866
69,15847929
69,15937430
69,25778900
69,2091962555
69,1985785355
69,21572456
69,26522526
69,2036183426
69,21236405
69,1078291399
69,13091834
69,243549280
69,14819885
69,27144649
69,25691644
69,1276627753
69,229726616
69,95457858
69,1715759706
69,27243051
69,357243716
69,211333714
69,17505297
69,26874633
69,19243601
69,296308632
69,1036334993
69,1536467186
69,8086719
69,13285099
69,26976526
69,7892863
69,11634686
69,12502450
69,8754048
69,7974203
69,1254856376
69,1527692472
69,9851414
69,27588088
