,keyword,빈도
0,", ",7226
1,,144
2,일,121
3,축제,80
4,월,76
5,등,72
6,행사,71
7,서울,71
8,개최,70
9,수,69
10,회,66
11,년,66
12,문화,61
13,시,52
14,공연,51
15,다양,47
16,진행,44
17,이,43
18,페스티벌,42
19,1,40
20,체험,39
21,저,39
22,10,38
23,구,38
24,시민,37
25,이번,36
26,참여,34
27,은,34
28,3,33
29,5,32
30,프로그램,32
31,4,31
32,을,31
33,2,31
34,2019,31
35,올해,28
36,11,28
37,의,27
38,공원,27
39,한국,27
40,광장,26
41,2016,26
42,거리,25
43,6,24
44,9,24
45,개,24
46,주최,23
47,제공,23
48,전시,21
49,국내,21
50,주제,21
51,전,21
52,2015,20
53,대표,20
54,우리,20
55,오전,20
56,사진,19
57,10월,19
58,예정,19
59,7,19
60,장,19
61,시작,19
62,로,18
63,0,18
64,대한,18
65,일대,18
66,과,18
67,12,18
68,동,18
69,마련,18
70,앞,18
71,코,17
72,오,17
73,속,17
74,오후,17
75,기념,17
76,8,17
77,20,17
78,준비,16
79,19,16
80,시간,16
81,15,16
82,기자,16
83,30,16
84,분,15
85,사,15
86,2016년,15
87,주관,15
88,이날,15
89,대한민국,15
90,역,15
91,페스티,15
92,민국,15
93,5월,15
94,1일,15
95,김,15
96,도,14
97,한강,14
98,사람,14
99,명,14
100,주민,14
101,마을,14
102,28,14
103,예술,14
104,전통,13
105,홍보,13
106,이벤트,13
107,2019년,13
108,부스,13
109,서울시,13
110,역사,13
111,북,13
112,토,13
113,최대,13
114,여,13
115,간,12
116,지원,12
117,어린이,12
118,전국,12
119,구청장,12
120,12월,12
121,날,12
122,작품,12
123,무료,12
124,번,12
125,세계,12
126,11월,12
127,지역,11
128,관,11
129,25,11
130,21,11
131,주년,11
132,콘서트,11
133,리,11
134,중구,11
135,기회,11
136,민,11
137,도시,11
138,5일,11
139,음악,11
140,길,11
141,28일,11
142,나,11
143,봄,11
144,대,11
145,만,11
146,구성,11
147,하나,11
148,기업,11
149,대회,11
150,후원,11
151,가족,11
152,나눔,10
153,무대,10
154,1월,10
155,원,10
156,음식,10
157,맛,10
158,위치,10
159,관련,10
160,해맞이,10
161,유명,10
162,새해,10
163,해,10
164,운영,10
165,학생,10
166,정,10
167,사회,10
168,퍼레이드,10
169,최고,10
170,호,10
171,18,10
172,활동,10
173,교류,10
174,열린,10
175,14,9
176,규모,9
177,볼거리,9
178,기간,9
179,21일,9
180,17,9
181,사랑,9
182,29,9
183,국민,9
184,기원,9
185,16,9
186,26일,9
187,26,9
188,25일,9
189,3일,9
190,레,9
191,국내외,9
192,20일,9
193,소망,9
194,동아리,9
195,아트,9
196,센터,9
197,13,9
198,11일,9
199,19일,9
200,청소년,9
201,2015년,9
202,외국인,8
203,희망,8
204,문화제,8
205,공간,8
206,건강,8
207,교육,8
208,소통,8
209,꽃,8
210,최근,8
211,8일,8
212,2017,8
213,모습,8
214,잔치,8
215,인,8
216,강,8
217,소개,8
218,운동,8
219,미,8
220,29일,8
221,자랑,8
222,서울특별시,8
223,서울특별,8
224,한옥,8
225,테마,8
226,판매,8
227,기획,8
228,상,8
229,엑스,8
230,국제,8
231,협회,8
232,박,8
233,디,8
234,관광,8
235,만화,7
236,공동,7
237,강남,7
238,특별,7
239,구청,7
240,자리,7
241,안,7
242,금,7
243,누구,7
244,최초,7
245,남산골,7
246,문화축제,7
247,콘텐츠,7
248,23,7
249,15일,7
250,덕수궁,7
251,마켓,7
252,24,7
253,글로벌,7
254,분위기,7
255,영화,7
256,위,7
257,차,7
258,산업,7
259,6월,7
260,섬,7
261,정동,7
262,노래,7
263,삶,7
264,현장,7
265,동안,7
266,영상,7
267,군,7
268,의미,7
269,100,7
270,부,7
271,뉴스,7
272,양일간,7
273,여행,7
274,코엑스,7
275,여의도,7
276,놀이,7
277,디저트,7
278,도심,7
279,인기,7
280,지난해,7
281,초청,7
282,강서,7
283,관심,7
284,17일,7
285,인근,7
286,4회,7
287,본부,7
288,시장,7
289,2018,7
290,명소,7
291,7일,7
292,4월,7
293,번째,7
294,구민,6
295,30일,6
296,공유,6
297,성동구,6
298,31,6
299,성북,6
300,종로,6
301,위원회,6
302,기부,6
303,존,6
304,종로구,6
305,나라,6
306,광화문,6
307,종,6
308,주,6
309,세종,6
310,10시,6
311,주말,6
312,경험,6
313,경제,6
314,페어,6
315,손,6
316,유,6
317,약,6
318,성황리,6
319,먹거리,6
320,팀,6
321,달,6
322,화합,6
323,커피,6
324,방송,6
325,축하,6
326,스타,6
327,성동,6
328,겨울,6
329,27,6
330,제,6
331,참석,6
332,해외,6
333,이틀간,6
334,참가,6
335,미래,6
336,개막,6
337,정신,6
338,곳곳,6
339,22,6
340,후,6
341,관람,6
342,뮤직,6
343,가능,6
344,우,6
345,뮤지컬,6
346,사업,6
347,봉산,6
348,업,6
349,르,6
350,시대,6
351,강서구,6
352,관람객,6
353,참가자,6
354,27일,6
355,특별시,6
356,18일,6
357,2일,6
358,씨,6
359,브랜드,6
360,추석,6
361,12일,6
362,가수,6
363,관광객,6
364,가을,6
365,평화,6
366,라,6
367,천,6
368,대상,6
369,가치,6
370,현대,6
371,아래,6
372,처음,6
373,고,5
374,정도,5
375,상징,5
376,포토,5
377,부문,5
378,그룹,5
379,뮤지션,5
380,정동야행,5
381,재단,5
382,코스프레,5
383,부대,5
384,민속,5
385,일상,5
386,산,5
387,본,5
388,7시,5
389,통해,5
390,계층,5
391,조,5
392,한,5
393,이상,5
394,문화공연,5
395,9월,5
396,반포,5
397,임,5
398,서울광장,5
399,서초,5
400,이색,5
401,학교,5
402,9일,5
403,문,5
404,조명,5
405,방문,5
406,밤,5
407,제품,5
408,병신년,5
409,각종,5
410,교수,5
411,포럼,5
412,기해,5
413,상품,5
414,통합,5
415,새,5
416,기존,5
417,장터,5
418,근대,5
419,문화재,5
420,물,5
421,생활,5
422,전문,5
423,이하,5
424,이미지,5
425,피,5
426,이후,5
427,재현,5
428,6시,5
429,초,5
430,쌀,5
431,뒤,5
432,아이,5
433,수상,5
434,중,5
435,31일,5
436,책,5
437,꿈,5
438,한편,5
439,창,5
440,추억,5
441,맞이,5
442,쇼,5
443,동시,5
444,현재,5
445,댄스,5
446,때,5
447,19회,5
448,숲,5
449,러,5
450,카,5
451,우수성,5
452,스포츠,5
453,노,5
454,최,5
455,23일,5
456,환경,5
457,마음,5
458,스프,5
459,마당,5
460,내년,5
461,13일,5
462,즈,5
463,대표적,5
464,4일,5
465,주기,5
466,4시,5
467,세계적,5
468,명의,5
469,홍,5
470,홀,5
471,11시,5
472,창작,5
473,한마당,5
474,소비,5
475,세,5
476,김장,5
477,코스,5
478,응,5
479,응봉산,5
480,압구정로데오,4
481,미술,4
482,미술관,4
483,계기,4
484,올림픽,4
485,예,4
486,삼성,4
487,패션,4
488,랜드,4
489,신문,4
490,6일,4
491,동의,4
492,2000,4
493,미디어,4
494,개나리,4
495,프,4
496,지난달,4
497,시설,4
498,독립,4
499,외,4
500,강연,4
501,정원,4
502,시음,4
503,너,4
504,상인,4
505,그,4
506,부산,4
507,로데오,4
508,사회적,4
509,압구정,4
510,집,4
511,실천,4
512,구간,4
513,14일,4
514,토요일,4
515,경북,4
516,애,4
517,창조,4
518,15개,4
519,애니메이션,4
520,아티스트,4
521,광화문광장,4
522,엽서,4
523,뿐,4
524,빵,4
525,전통음식,4
526,빛,4
527,호텔,4
528,경기,4
529,국가,4
530,일요일,4
531,내,4
532,국립,4
533,호국,4
534,불꽃,4
535,국,4
536,포토존,4
537,10년,4
538,영,4
539,교,4
540,디자인,4
541,일반,4
542,영등포,4
543,형,4
544,국악,4
545,형태,4
546,박물관,4
547,사이,4
548,드럼,4
549,16일,4
550,마라톤,4
551,그리기,4
552,하루,4
553,나들이,4
554,맥주,4
555,과자,4
556,목,4
557,수공예,4
558,여름,4
559,체육,4
560,한화,4
561,월드,4
562,캐릭터,4
563,대전,4
564,이용,4
565,300,4
566,관객,4
567,연,4
568,하늘,4
569,기대,4
570,장소,4
571,링,4
572,가운데,4
573,재,4
574,한옥마을,4
575,40,4
576,체험부스,4
577,명절,4
578,코믹스,4
579,성,4
580,코리아,4
581,설치,4
582,힐링페스티벌,4
583,50,4
584,이곳,4
585,세시,4
586,모두,4
587,케이팝,4
588,주간,4
589,케이,4
590,힐링,4
591,재즈,4
592,유산,4
593,힐,4
594,소비자,4
595,유럽,4
596,07,4
597,경품,4
598,행,4
599,남산,4
600,연인,4
601,강공원,4
602,파크,4
603,첫날,4
604,남산골한옥마을,4
605,중심,4
606,대구,4
607,행복,4
608,활용,4
609,곳,4
610,서비스,4
611,우수,4
612,생각,4
613,활성화,4
614,2월,4
615,감상,4
616,벚꽃,4
617,촌,4
618,남녀노소,4
619,마지막,4
620,공,4
621,저소득,3
622,대감,3
623,청년,3
624,트렌드,3
625,도로,3
626,독일,3
627,촬영,3
628,통합행사,3
629,전당,3
630,도착,3
631,벌,3
632,다짐,3
633,단순,3
634,전과,3
635,체육관,3
636,번지,3
637,변화,3
638,청운,3
639,초대,3
640,청운공원,3
641,별,3
642,돌담길,3
643,돌담,3
644,데,3
645,투,3
646,데이트,3
647,백화점,3
648,동구,3
649,관계자,3
650,대제,3
651,광진,3
652,전반,3
653,버스,3
654,독자,3
655,광진구,3
656,청장,3
657,체험행사,3
658,청,3
659,백,3
660,단체,3
661,대왕,3
662,전문가,3
663,광주,3
664,라이프,3
665,배우,3
666,물순환,3
667,만들기,3
668,기념관,3
669,만남,3
670,만끽,3
671,기관,3
672,만개,3
673,기,3
674,마포구,3
675,문화예술,3
676,금요일,3
677,제과,3
678,마포,3
679,탄생,3
680,마이,3
681,탄신,3
682,친구,3
683,마무리,3
684,문화행사,3
685,탑,3
686,문의,3
687,만세,3
688,날씨,3
689,주한,3
690,명품,3
691,코드,3
692,모든,3
693,컴,3
694,주목,3
695,주요,3
696,기운,3
697,나무,3
698,조성,3
699,만족,3
700,크리스마스,3
701,캠프,3
702,조리,3
703,키,3
704,중국,3
705,킹,3
706,타,3
707,무형,3
708,근,3
709,물품,3
710,배,3
711,그림,3
712,출구,3
713,박람회,3
714,뉴,3
715,절,3
716,니,3
717,토이,3
718,추진,3
719,국군,3
720,동화,3
721,전통문화,3
722,창업,3
723,다섯,3
724,동쪽,3
725,다음,3
726,구리,3
727,다음달,3
728,다이,3
729,방식,3
730,전시회,3
731,출발,3
732,디자이너,3
733,출신,3
734,러스트,3
735,낭만,3
736,층,3
737,내일,3
738,로데오거리,3
739,균,3
740,레이드,3
741,런,3
742,권위,3
743,충무공,3
744,떡,3
745,정성,3
746,정상,3
747,미술품,3
748,진,3
749,민속놀이,3
750,노인,3
751,라틴,3
752,정동일대,3
753,컴백,3
754,대학교,3
755,티,3
756,9시,3
757,이드,3
758,선생,3
759,8월,3
760,선유,3
761,선정,3
762,의지,3
763,6회,3
764,한강사업본부,3
765,성과,3
766,의례,3
767,성북구,3
768,성장,3
769,5회,3
770,음악제,3
771,성한,3
772,세대,3
773,세상,3
774,보존,3
775,유통,3
776,소,3
777,한눈,3
778,4개,3
779,소외,3
780,소재,3
781,송,3
782,한우,3
783,한자리,3
784,수공예품,3
785,한해,3
786,학대,3
787,서초구,3
788,푸드,3
789,이색적,3
790,품,3
791,삼성동,3
792,개발,3
793,인의,3
794,인왕산,3
795,상영,3
796,풍,3
797,풍물패,3
798,강원,3
799,강북,3
800,새해소망,3
801,강동,3
802,강남구청,3
803,강남구,3
804,서,3
805,감독,3
806,서대문,3
807,서브,3
808,각,3
809,가훈,3
810,필요,3
811,서울드럼페스티벌,3
812,서울디저트페어,3
813,하늘공원,3
814,하다,3
815,이외,3
816,ㆍ,3
817,9회,3
818,하이,3
819,할인,3
820,순환,3
821,워,3
822,2시,3
823,예방,3
824,홈페이지,3
825,11회,3
826,홍대,3
827,영화제,3
828,10회,3
829,10일,3
830,암,3
831,100년,3
832,1000,3
833,야간,3
834,확인,3
835,0행사,3
836,야행,3
837,양일,3
838,양재,3
839,연합,3
840,회장,3
841,언,3
842,횡,3
843,에너지,3
844,연구소,3
845,훈,3
846,휴,3
847,06,3
848,역할,3
849,엠,3
850,흥,3
851,여성,3
852,아카데미,3
853,아차산,3
854,14회,3
855,2002년,3
856,스타일,3
857,250,3
858,24일,3
859,22일,3
860,행사기간,3
861,2020년,3
862,2020,3
863,2018년,3
864,시립,3
865,시상식,3
866,시식,3
867,시연,3
868,식,3
869,2002,3
870,예약,3
871,식품,3
872,1회,3
873,온라인,3
874,현대사,3
875,옥,3
876,현지,3
877,협업,3
878,협의회,3
879,오늘,3
880,아내,3
881,아름,3
882,아름다움,3
883,16회,3
884,개선,3
885,세시맞이,3
886,페이스북,3
887,부대행사,3
888,공사,3
889,사전,3
890,사이클,3
891,포스터,3
892,봄꽃,3
893,일산,3
894,사용,3
895,봄날,3
896,봉,3
897,포,3
898,일출,3
899,장관,3
900,자원,3
901,자,3
902,티켓,3
903,팔각정,3
904,팝,3
905,뷰티,3
906,자료,3
907,경연,3
908,작가,3
909,계절,3
910,페,3
911,자신,3
912,계승,3
913,페스티발,3
914,산실,3
915,경향,3
916,공식,3
917,페이스,3
918,거리공연,3
919,개화산,3
920,일러스트,3
921,개인,3
922,재료,3
923,갤러리,3
924,실버,2
925,떡국,2
926,디션,2
927,디음악축제,2
928,쓰기,2
929,쌀나눔운동본부,2
930,싸움,2
931,보컬,2
932,여울,2
933,진주,2
934,심사,2
935,전세계,2
936,버스킹,2
937,집필,2
938,오월,2
939,오이,2
940,신세계,2
941,부와,2
942,부여,2
943,작업,2
944,아레나,2
945,아시아,2
946,예측,2
947,참관,2
948,듀오,2
949,부상,2
950,잔,2
951,아르,2
952,듯,2
953,아동,2
954,밴드,2
955,여러분,2
956,차장,2
957,역동적,2
958,등산로,2
959,오감,2
960,등에,2
961,등축제,2
962,씨앗,2
963,라이브,2
964,댄스공연,2
965,진성,2
966,부모가족,2
967,롯데,2
968,룸,2
969,지도,2
970,체코,2
971,자전거,2
972,북도,2
973,시스,2
974,시범,2
975,시대적,2
976,지금,2
977,여자친구,2
978,리틀,2
979,대학로문화축제,2
980,북코페,2
981,릭,2
982,용,2
983,시간여행,2
984,시각,2
985,자유,2
986,시즌,2
987,시청,2
988,완성도,2
989,신규,2
990,신사동,2
991,진단,2
992,신사,2
993,신문사,2
994,신라,2
995,신년,2
996,부천,2
997,올림픽공원,2
998,지휘,2
999,전수,2
1000,신,2
1001,자체,2
1002,와우,2
1003,와인,2
1004,레스,2
1005,여의,2
1006,여자,2
1007,식문화,2
1008,참관인,2
1009,아울렛,2
1010,업코리아,2
1011,둘레,2
1012,도시락,2
1013,볼,2
1014,연계,2
1015,연합뉴스,2
1016,연휴,2
1017,장병,2
1018,보고,2
1019,보고회,2
1020,열,2
1021,열리,2
1022,양반,2
1023,약품,2
1024,병,2
1025,독립운동,2
1026,적인,2
1027,염원,2
1028,복지,2
1029,봄꽃축제,2
1030,독창적,2
1031,천안,2
1032,도시농업,2
1033,어디,2
1034,연구원장,2
1035,업체,2
1036,연령,2
1037,업사이클,2
1038,연예인,2
1039,보,2
1040,데뷔,2
1041,청계천,2
1042,댁,2
1043,청계광장,2
1044,도서관,2
1045,청계,2
1046,보감,2
1047,억,2
1048,어울림,2
1049,연주,2
1050,첫째,2
1051,어린이날,2
1052,어르신,2
1053,책축제,2
1054,야외,2
1055,야간경제,2
1056,전달,2
1057,안내,2
1058,봉행,2
1059,대한제국,2
1060,엔트,2
1061,부담,2
1062,악단,2
1063,악,2
1064,동참,2
1065,아픔,2
1066,창작자,2
1067,아트페어,2
1068,체,2
1069,잠실,2
1070,동화약품,2
1071,아이스,2
1072,보훈,2
1073,된장,2
1074,부모,2
1075,안녕,2
1076,장군,2
1077,별도,2
1078,애비,2
1079,앤,2
1080,영국,2
1081,저작권자,2
1082,영릉,2
1083,동기,2
1084,동대문,2
1085,대행진,2
1086,채의,2
1087,애니메이션페스티벌,2
1088,장난감,2
1089,애국,2
1090,청춘,2
1091,창제,2
1092,장미,2
1093,영종,2
1094,창작품,2
1095,장르,2
1096,동야,2
1097,동의보감,2
1098,인천,2
1099,시가,2
1100,절약,2
1101,이야기,2
1102,전통주,2
1103,제출,2
1104,제작,2
1105,서울뮤직페스티벌,2
1106,이웃,2
1107,밖,2
1108,서울디자인페스티벌,2
1109,제일,2
1110,제사,2
1111,서울와우북페스티벌,2
1112,서울김장문화제,2
1113,이자,2
1114,서울국악축제,2
1115,제례악,2
1116,제례,2
1117,일본,2
1118,박명,2
1119,문화놀이터,2
1120,서리풀페스티벌,2
1121,이순신,2
1122,무단,2
1123,서리풀,2
1124,모터,2
1125,빈곤,2
1126,빛섬,2
1127,모션,2
1128,사과,2
1129,선,2
1130,모양,2
1131,석,2
1132,반영,2
1133,모집,2
1134,전통의례,2
1135,조금,2
1136,모토,2
1137,사대부가,2
1138,목적,2
1139,목표,2
1140,사례,2
1141,조선,2
1142,서울클래식음악축제,2
1143,일원,2
1144,서울장미축제,2
1145,제국,2
1146,서리,2
1147,존재,2
1148,미국,2
1149,인기가수,2
1150,정원오,2
1151,상일,2
1152,일렉트로닉,2
1153,인류,2
1154,상영회,2
1155,뮤직페스티벌,2
1156,정동문화축제,2
1157,인물,2
1158,상암,2
1159,정월,2
1160,정순균,2
1161,상시,2
1162,정순,2
1163,인식,2
1164,민요,2
1165,정동의,2
1166,사항,2
1167,정부,2
1168,정보,2
1169,사직대제,2
1170,사직,2
1171,이탈리아,2
1172,정통,2
1173,문화유산,2
1174,서래섬,2
1175,서래,2
1176,서대문구,2
1177,사인,2
1178,서구,2
1179,문화체육관광부,2
1180,일번지,2
1181,생태,2
1182,바탕,2
1183,이화,2
1184,바위,2
1185,이해,2
1186,정취,2
1187,정책,2
1188,생산,2
1189,접수,2
1190,생명,2
1191,물총,2
1192,물총싸움,2
1193,전통공연,2
1194,선유도,2
1195,우르켈,2
1196,전시장,2
1197,만큼,2
1198,수제,2
1199,월간,2
1200,만화노래자랑,2
1201,분석,2
1202,수방사,2
1203,위원,2
1204,위원장,2
1205,분수,2
1206,주최사,2
1207,원부,2
1208,분수대,2
1209,주체,2
1210,숍,2
1211,솥,2
1212,주제관,2
1213,위크,2
1214,위험,2
1215,유가,2
1216,분야,2
1217,원부재료,2
1218,원료,2
1219,자산,2
1220,자연,2
1221,마을미디어,2
1222,우리나라,2
1223,자연휴양림,2
1224,우산,2
1225,중랑천,2
1226,스페셜,2
1227,우유,2
1228,스타트업,2
1229,스타트,2
1230,운동화,2
1231,순,2
1232,스너,2
1233,중랑,2
1234,운행,2
1235,배포,2
1236,워터,2
1237,배추,2
1238,순위,2
1239,순간,2
1240,중국관광연구원장,2
1241,유관,2
1242,주산지,2
1243,선유도역,2
1244,발전,2
1245,세계화,2
1246,종묘,2
1247,세계인,2
1248,음료,2
1249,전재,2
1250,대학로,2
1251,전쟁,2
1252,발표,2
1253,명이,2
1254,명인,2
1255,세로,2
1256,전쟁기념관,2
1257,입지,2
1258,성격,2
1259,입장료,2
1260,의장,2
1261,빅,2
1262,명품관,2
1263,선착순,2
1264,입구,2
1265,브라질,2
1266,자동차,2
1267,유관기관,2
1268,메리,2
1269,솔루션,2
1270,주변,2
1271,속의,2
1272,유도,2
1273,유러피언,2
1274,주류,2
1275,주도,2
1276,유로,2
1277,전역,2
1278,전자,2
1279,종묘대제,2
1280,유산인,2
1281,메리카,2
1282,유일,2
1283,뷰,2
1284,션,2
1285,유채꽃,2
1286,세종대왕,2
1287,방,2
1288,종묘제례보존회,2
1289,자기,2
1290,동해안,2
1291,대학,2
1292,공개,2
1293,경희,2
1294,계룡,2
1295,계룡시,2
1296,페스트,2
1297,퍼포먼스,2
1298,계획,2
1299,팬,2
1300,패션페스티벌,2
1301,고유,2
1302,골,2
1303,파티,2
1304,곰,2
1305,곰신,2
1306,파주,2
1307,경향신문,2
1308,공동체,2
1309,공모전,2
1310,공업,2
1311,공연장,2
1312,티나,2
1313,특징,2
1314,과정,2
1315,과제,2
1316,특별전,2
1317,트리,2
1318,관리,2
1319,관리소,2
1320,트라,2
1321,경향신문사,2
1322,편,2
1323,남자,2
1324,포기,2
1325,개나리축제,2
1326,개막식,2
1327,개방,2
1328,풀,2
1329,폼,2
1330,폰,2
1331,폭력,2
1332,개화기,2
1333,포즈,2
1334,거리예술공연,2
1335,건립,2
1336,걷기,2
1337,걷기대회,2
1338,게임,2
1339,경쟁력,2
1340,폐자원,2
1341,결과,2
1342,평화광장,2
1343,결합,2
1344,겸,2
1345,경,2
1346,경기도,2
1347,경매,2
1348,평가,2
1349,경북사과,2
1350,편집,2
1351,대표행사,2
1352,경연대회,2
1353,투데이,2
1354,교통,2
1355,통과,2
1356,김영종,2
1357,기념행사,2
1358,클래식,2
1359,크리스마스마켓,2
1360,기자단,2
1361,콘테스트,2
1362,기조,2
1363,기조발표,2
1364,콘서트홀,2
1365,콘,2
1366,기획단,2
1367,길놀이,2
1368,코믹월드,2
1369,코믹,2
1370,김장문화,2
1371,통,2
1372,김치,2
1373,컨셉,2
1374,끝,2
1375,커플런,2
1376,커플,2
1377,커뮤니케이션,2
1378,나흘,2
1379,캐리,2
1380,난장,2
1381,카페,2
1382,남,2
1383,남강,2
1384,남강유,2
1385,기념촬영,2
1386,기념식,2
1387,기기,2
1388,기계,2
1389,구매,2
1390,구분,2
1391,구역,2
1392,토종씨앗축제,2
1393,구입,2
1394,토종씨앗,2
1395,토종,2
1396,국군장병,2
1397,토요,2
1398,국악부문,2
1399,텍스,2
1400,텍,2
1401,국제빵과자,2
1402,군악,2
1403,궁,2
1404,궁중,2
1405,태양,2
1406,태안,2
1407,규,2
1408,그램,2
1409,그린,2
1410,극복,2
1411,태,2
1412,글,2
1413,탄생지,2
1414,금지,2
1415,급식,2
1416,개나리꽃,2
1417,개국,2
1418,풍물,2
1419,2015.12,2
1420,1월1일,2
1421,1층,2
1422,현,2
1423,혁명,2
1424,헬스,2
1425,2000포기,2
1426,2005,2
1427,2005년,2
1428,허,2
1429,2011,2
1430,2011년,2
1431,향상,2
1432,향,2
1433,2016.05,2
1434,한화그룹,2
1435,2017년,2
1436,행사장,2
1437,2019.11,2
1438,20회,2
1439,2번,2
1440,해돋이,2
1441,해당,2
1442,2회,2
1443,3.1,2
1444,합,2
1445,함성,2
1446,30분,2
1447,할로윈,2
1448,현대백화점,2
1449,1시간,2
1450,현악,2
1451,1년,2
1452,힙합,2
1453,흥미,2
1454,휴양림,2
1455,효,2
1456,횡성한우축제,2
1457,회관,2
1458,0오,2
1459,황토마을,2
1460,황토,2
1461,황금,2
1462,환상적,2
1463,환,2
1464,확산,2
1465,1000명의,2
1466,홍익,2
1467,홍수,2
1468,홍보행사,2
1469,10월29일,2
1470,10초,2
1471,호수,2
1472,15분,2
1473,15회,2
1474,호국보훈,2
1475,1897,2
1476,18회,2
1477,혜택,2
1478,19혁명,2
1479,한화생명,2
1480,3개,2
1481,풍선,2
1482,필,2
1483,7월,2
1484,한가위,2
1485,80,2
1486,학여울역,2
1487,8시,2
1488,학,2
1489,하이엔트,2
1490,가격,2
1491,가량,2
1492,하,2
1493,가지,2
1494,필스너,2
1495,필스,2
1496,간의,2
1497,한정,2
1498,피크닉,2
1499,피규어,2
1500,감동,2
1501,플랫폼,2
1502,플라자,2
1503,프로젝트,2
1504,강릉,2
1505,프로모션,2
1506,강민혁,2
1507,프로,2
1508,강북구,2
1509,풍요,2
1510,풍속,2
1511,한강공원,2
1512,한강물,2
1513,한강물싸움축제,2
1514,6개,2
1515,한인,2
1516,3시,2
1517,3월,2
1518,3종,2
1519,한우축제,2
1520,4.19,2
1521,4.19혁명,2
1522,한식,2
1523,한성대입구역,2
1524,한성,2
1525,47,2
1526,474,2
1527,474주년,2
1528,4년,2
1529,4만,2
1530,한글날,2
1531,한글,2
1532,한국폭력학대예방,2
1533,한국창작음악제,2
1534,5.4,2
1535,5000,2
1536,한국영화,2
1537,50주년,2
1538,60,2
1539,6000,2
1540,6000회,2
1541,한국농수산유통공사,2
1542,카카오,2
1543,여주,2
1544,농,2
1545,대기,2
1546,대중,2
1547,당일,2
1548,대가,2
1549,초청가수,2
1550,농업,2
1551,춤,2
1552,단,2
1553,다문화,2
1554,내고,2
1555,체험프로그램,2
1556,대축제,2
1557,총,2
1558,대교,2
1559,충남,2
1560,초단편,2
1561,출품,2
1562,대보름,2
1563,초청공연,2
1564,당,2
1565,초헌관,2
1566,대입,2
1567,담,2
1568,달빛,2
1569,눈,2
1570,추모제,2
1571,취향,2
1572,축하공연,2
1573,츠,2
1574,측,2
1575,초등학교,2
1576,내달,2
1577,노스,2
1578,농어촌,2
1579,농민,2
1580,놀이체험부스,2
1581,노래자랑,2
1582,년대,2
1583,출연,2
1584,노력,2
1585,니스,2
1586,총괄,2
1587,논의,2
1588,뉴시스,2
1589,대표축제,2
1590,취지,2
1591,치즈,2
1592,단위,2
1593,놀이터,2
1594,농수산,2
1595,대사관,2
1596,유아숲,1
1597,유아,1
1598,유성구,1
1599,한국임업진흥원,1
1600,유성,1
1601,한남,1
1602,한남동,1
1603,은자골,1
1604,융성,1
1605,책의,1
1606,은평,1
1607,유명인전,1
1608,은자,1
1609,은평구,1
1610,최석민,1
1611,유망,1
1612,유료공연,1
1613,유료,1
1614,한국인,1
1615,창조허브,1
1616,한국아르,1
1617,한류,1
1618,유명인,1
1619,한글문화상품,1
1620,유아숲체험원,1
1621,유업체,1
1622,윤선,1
1623,최우영,1
1624,윤,1
1625,한국전통음식연구소,1
1626,윷,1
1627,유형,1
1628,한국트로트가요센터,1
1629,유채꽃밭,1
1630,한국판,1
1631,한국전,1
1632,최서단,1
1633,최우수상인,1
1634,유지,1
1635,한국호텔관광고,1
1636,창출,1
1637,최정상,1
1638,책실,1
1639,최우수,1
1640,은상,1
1641,유제품,1
1642,유적,1
1643,유작,1
1644,유자,1
1645,유일한,1
1646,윤중로,1
1647,책임감,1
1648,치즈페스티벌,1
1649,유례,1
1650,처음공개,1
1651,원지,1
1652,총동원,1
1653,할인혜택,1
1654,월대,1
1655,할리우드,1
1656,월드컵,1
1657,월드컵공원,1
1658,웨딩,1
1659,웹,1
1660,웹소설,1
1661,처의,1
1662,웹툰,1
1663,할,1
1664,위드,1
1665,위문,1
1666,원재료,1
1667,원숭이,1
1668,천간,1
1669,합창단,1
1670,워즈,1
1671,항공권,1
1672,워터슬라이드,1
1673,핫이슈,1
1674,합합,1
1675,워터피크닉,1
1676,총괄기획,1
1677,원산지,1
1678,천만,1
1679,원권,1
1680,원데이푸드트립,1
1681,합창,1
1682,합법화,1
1683,합류,1
1684,위문공연,1
1685,총장,1
1686,유럽국가,1
1687,한정판,1
1688,유네스코,1
1689,유니,1
1690,유니버시아드,1
1691,유니온,1
1692,은평구민,1
1693,한방테마프로그램,1
1694,유동,1
1695,한방체험,1
1696,유동균,1
1697,한방,1
1698,유래,1
1699,유래지인,1
1700,최대규모,1
1701,한밤,1
1702,한마음,1
1703,유기농,1
1704,최고상인,1
1705,한식문화,1
1706,한의학적,1
1707,위조,1
1708,위조지폐,1
1709,처,1
1710,챠폰머신,1
1711,위조통화,1
1712,챠,1
1713,한의사협회,1
1714,최고상,1
1715,한의사,1
1716,챔피언십,1
1717,윅,1
1718,한의,1
1719,최고급,1
1720,유공자,1
1721,한복,1
1722,음식업소,1
1723,최정상급,1
1724,이유,1
1725,이용우,1
1726,하늘그린,1
1727,하늘공원해맞이행사,1
1728,하나임,1
1729,이월드,1
1730,하고자,1
1731,하경,1
1732,창업가,1
1733,한국식문화,1
1734,핑크,1
1735,이즈,1
1736,필젠,1
1737,이즈백,1
1738,필스너우르,1
1739,여주시,1
1740,이즌,1
1741,하늘인사,1
1742,창업지원,1
1743,이요,1
1744,하마,1
1745,이상훈,1
1746,하이라이트,1
1747,하이네켄,1
1748,이색축제,1
1749,하이네,1
1750,하우스,1
1751,하얏,1
1752,이색푸드,1
1753,이수,1
1754,하석진이,1
1755,하석,1
1756,하면,1
1757,이승,1
1758,추산,1
1759,이어진,1
1760,이채,1
1761,추석맞이,1
1762,창덕마을공동체,1
1763,이한서,1
1764,프리미엄,1
1765,참여콘텐츠,1
1766,참여인원,1
1767,참여예정,1
1768,이화여고,1
1769,이화여대,1
1770,프로듀서,1
1771,추첨,1
1772,추향,1
1773,익산,1
1774,프레,1
1775,축,1
1776,프랑스,1
1777,프라노,1
1778,풍월,1
1779,프린세스,1
1780,추천,1
1781,이채관,1
1782,이한,1
1783,이코노미,1
1784,창덕,1
1785,핀,1
1786,피해,1
1787,피크닉페스티벌,1
1788,추존,1
1789,이태원,1
1790,피아노,1
1791,피스,1
1792,창근,1
1793,창경궁,1
1794,이투데이,1
1795,피규,1
1796,플러스,1
1797,추진위원회,1
1798,하이서울,1
1799,추모탑,1
1800,이사장,1
1801,최종,1
1802,의견,1
1803,의과,1
1804,한국농어촌방송,1
1805,의과대학,1
1806,한국관광,1
1807,한국관,1
1808,의료,1
1809,한과,1
1810,최진성,1
1811,한강조망,1
1812,의성,1
1813,의식,1
1814,의용,1
1815,의용수비대기념사업회,1
1816,한강워터피크닉,1
1817,최종현,1
1818,한국당,1
1819,창작음악제,1
1820,읍,1
1821,은행나무,1
1822,한국시각,1
1823,음,1
1824,한국문화재재단,1
1825,한국문화원연합회,1
1826,한국문화예술위원회,1
1827,한국문화산업포럼,1
1828,한국문화,1
1829,한국무용,1
1830,운현궁,1
1831,음식전과,1
1832,한국떡한과세계화,1
1833,음악매체,1
1834,한국떡한과산업,1
1835,음악회,1
1836,추,1
1837,의인,1
1838,이병,1
1839,이대역,1
1840,이도의,1
1841,학생라이브케이크,1
1842,이때,1
1843,이르렀,1
1844,학부모,1
1845,이름,1
1846,학년,1
1847,이민,1
1848,학교생활,1
1849,이민자,1
1850,학교급식활성화,1
1851,이번대회,1
1852,창원,1
1853,이별,1
1854,하차,1
1855,학여울,1
1856,이대앞,1
1857,한강둔치,1
1858,이대,1
1859,한강대교,1
1860,추가,1
1861,의장행사,1
1862,추모,1
1863,의회,1
1864,한가위잔치,1
1865,창작음악,1
1866,이규석,1
1867,창작물,1
1868,학적,1
1869,학장,1
1870,이념,1
1871,학원,1
1872,이달,1
1873,창작력,1
1874,항연,1
1875,해맞이축제,1
1876,항쟁,1
1877,영숙,1
1878,홍식,1
1879,청송군,1
1880,영상제작,1
1881,영세,1
1882,영세사업장,1
1883,초록,1
1884,홍보부스,1
1885,초록색,1
1886,엽,1
1887,영실,1
1888,영양,1
1889,홍보물,1
1890,영향,1
1891,청송,1
1892,영화상영회,1
1893,영화예술상,1
1894,홍연,1
1895,영상전,1
1896,영상작품,1
1897,초등학생,1
1898,엽서그리기대회,1
1899,엿강정,1
1900,화제,1
1901,화장지,1
1902,화사,1
1903,영겁,1
1904,화분,1
1905,화보,1
1906,영녕전,1
1907,영동,1
1908,화백,1
1909,영등포구,1
1910,화,1
1911,홍익대학교,1
1912,홍익대,1
1913,영화인,1
1914,홍보과,1
1915,옆,1
1916,예술산책,1
1917,초록우산,1
1918,호반,1
1919,예술상,1
1920,예술자원,1
1921,호미,1
1922,예술작품,1
1923,예술적,1
1924,청산,1
1925,청사초롱,1
1926,호날,1
1927,호국정신,1
1928,예우,1
1929,예인,1
1930,호국안보,1
1931,예정시각,1
1932,호수꽃빛,1
1933,예술공간,1
1934,홍대주차장거리,1
1935,예술경영지원센터,1
1936,홍대야,1
1937,홍대거리,1
1938,예능,1
1939,홍기선,1
1940,예림,1
1941,예림회,1
1942,홈베이킹기기,1
1943,홈,1
1944,예명,1
1945,홀릭,1
1946,홀딩핸즈런,1
1947,홀딩,1
1948,혼성,1
1949,예빛무대,1
1950,호우,1
1951,확립,1
1952,청와대,1
1953,운용,1
1954,휴문,1
1955,역사상,1
1956,역사어린이합창단,1
1957,역사적,1
1958,체험전,1
1959,휴양,1
1960,역임,1
1961,휴식처,1
1962,훼손,1
1963,확장,1
1964,후의,1
1965,후유증,1
1966,연구소측,1
1967,후손,1
1968,연극과,1
1969,연단,1
1970,후보작,1
1971,휴일,1
1972,역사문화벨트,1
1973,역사문화광장,1
1974,역사문화관광,1
1975,여주의,1
1976,힙합가수,1
1977,힙,1
1978,힐링코드,1
1979,여행주간,1
1980,히트임모빌,1
1981,히트,1
1982,히스패닉,1
1983,히스,1
1984,역대,1
1985,희선,1
1986,희경,1
1987,체험시간,1
1988,흠,1
1989,역사관,1
1990,후배,1
1991,후르츠,1
1992,효시인,1
1993,초기,1
1994,황금돼지,1
1995,연합회,1
1996,초단,1
1997,활보,1
1998,환자,1
1999,연희,1
2000,연희동,1
2001,환상,1
2002,열광,1
2003,환구대제,1
2004,환구,1
2005,환경형,1
2006,환경보호,1
2007,환경문제,1
2008,열차,1
2009,황제,1
2010,초구,1
2011,연령대가,1
2012,회견,1
2013,연령층,1
2014,연사,1
2015,연세로,1
2016,연예,1
2017,횡성한우,1
2018,회지,1
2019,연예팀,1
2020,회원,1
2021,회사원,1
2022,연인의,1
2023,연일,1
2024,회복,1
2025,첼,1
2026,연주회,1
2027,연출,1
2028,예지,1
2029,예지몽,1
2030,청사,1
2031,천안시,1
2032,왼쪽,1
2033,촛불문화제,1
2034,요구,1
2035,행운,1
2036,요리집,1
2037,요양,1
2038,천안축협,1
2039,요양현장,1
2040,호가,1
2041,요정,1
2042,행사프로그램,1
2043,용산,1
2044,용산구,1
2045,용전,1
2046,촛불집회,1
2047,용전천변,1
2048,외침,1
2049,외식업체,1
2050,천여,1
2051,외식,1
2052,왕실,1
2053,허가,1
2054,왕조,1
2055,촛불,1
2056,향제,1
2057,외교,1
2058,철판요리집,1
2059,철판,1
2060,향이,1
2061,외국,1
2062,향유가,1
2063,철쭉,1
2064,외국인주민,1
2065,외벽,1
2066,외부,1
2067,용품,1
2068,행사이,1
2069,행사다,1
2070,해상,1
2071,우진,1
2072,우진사료공업,1
2073,우향제,1
2074,운,1
2075,해산,1
2076,해봄,1
2077,해맞이공원,1
2078,운동가,1
2079,운동장,1
2080,천분,1
2081,운산,1
2082,천변,1
2083,운수,1
2084,해년,1
2085,해군,1
2086,우정국,1
2087,우영,1
2088,햇님달님,1
2089,해석,1
2090,햇님,1
2091,우간다,1
2092,핸즈,1
2093,핸섬,1
2094,우리네,1
2095,우리집,1
2096,핸,1
2097,해지,1
2098,해외자매도시,1
2099,우수사례,1
2100,해수욕장,1
2101,해소,1
2102,우수회지,1
2103,우연,1
2104,우연이요,1
2105,왕비,1
2106,허가바위,1
2107,허브,1
2108,현충사관리소,1
2109,오리엔탈,1
2110,오리엔탈쇼,1
2111,오리엔탈쇼커스,1
2112,현지시간,1
2113,오바예,1
2114,오염,1
2115,현장수업,1
2116,초여름,1
2117,초연,1
2118,오이소박이,1
2119,오케스트라,1
2120,현비암,1
2121,오페라,1
2122,오화영,1
2123,현비,1
2124,현충사,1
2125,현충사관리소장,1
2126,옥토버,1
2127,오리,1
2128,청명,1
2129,혜화역,1
2130,혜화,1
2131,초롱,1
2132,예협회,1
2133,옛날,1
2134,청년층,1
2135,형식,1
2136,형사1부,1
2137,형사,1
2138,오노,1
2139,형무소역사관,1
2140,형무소,1
2141,협력,1
2142,혐의,1
2143,현대적,1
2144,현대자동차,1
2145,왕벚나무,1
2146,촉진,1
2147,와우북페스티벌,1
2148,와우책문화예술,1
2149,와이어,1
2150,첫째주,1
2151,와인더,1
2152,헌신,1
2153,헌병단의,1
2154,와인시음,1
2155,촌나루,1
2156,완제품,1
2157,왕,1
2158,촌호수,1
2159,왕릉,1
2160,왕릉제향,1
2161,헌병,1
2162,헌작,1
2163,혁,1
2164,온,1
2165,올림픽파크,1
2166,청과,1
2167,초월,1
2168,온라인게임,1
2169,온실,1
2170,온실가스,1
2171,현대미술관,1
2172,현궁,1
2173,올,1
2174,올댓,1
2175,올드,1
2176,현관,1
2177,올림,1
2178,혁신적,1
2179,혁명국민문화제,1
2180,올림픽주경기장,1
2181,축가,1
2182,인산,1
2183,인도네시아,1
2184,정치인,1
2185,정지혜기자,1
2186,정착,1
2187,지역상권,1
2188,탑골공원,1
2189,탈출,1
2190,정치,1
2191,탈영역우정국,1
2192,탈영,1
2193,클로에,1
2194,탈락자,1
2195,정훈,1
2196,취약,1
2197,취약계층,1
2198,탁배기,1
2199,제15회,1
2200,제1호,1
2201,정준의,1
2202,태국,1
2203,정전과,1
2204,정전,1
2205,태백산,1
2206,지원방안,1
2207,태도,1
2208,정신과,1
2209,태극무늬,1
2210,태극기,1
2211,태극구성,1
2212,정신나간,1
2213,태극,1
2214,취미,1
2215,지역커뮤니티,1
2216,태권도,1
2217,정작,1
2218,태국본사,1
2219,지역예술동호회,1
2220,제207호,1
2221,타자기,1
2222,제20회,1
2223,제세,1
2224,제왕,1
2225,제이,1
2226,지식,1
2227,제인,1
2228,타스,1
2229,지속적,1
2230,타고,1
2231,키즈,1
2232,제전,1
2233,제정,1
2234,제주,1
2235,제주도,1
2236,제천,1
2237,키워드,1
2238,키덜트,1
2239,제시,1
2240,취타,1
2241,제56호,1
2242,제복,1
2243,제고,1
2244,타임스토퍼,1
2245,타임리와인더,1
2246,타임,1
2247,제관,1
2248,타이틀,1
2249,제기,1
2250,제기차기,1
2251,지역사회,1
2252,제도,1
2253,타이거즈,1
2254,지역민,1
2255,지역경제,1
2256,타이,1
2257,제례악보존회,1
2258,지원센터,1
2259,태안군,1
2260,태안군의회,1
2261,전환,1
2262,전희경,1
2263,토성,1
2264,토버,1
2265,절기로,1
2266,토바우,1
2267,절차,1
2268,젊음,1
2269,점,1
2270,점보,1
2271,점진,1
2272,토마토,1
2273,점진적인,1
2274,점프,1
2275,토론,1
2276,템포디,1
2277,전환점,1
2278,전화,1
2279,접목,1
2280,지하철역,1
2281,토크,1
2282,충무로,1
2283,지혜,1
2284,충무로뮤지컬영화제,1
2285,지형,1
2286,전체,1
2287,토종배추,1
2288,토종먹거리장터,1
2289,지향,1
2290,전통식품,1
2291,토정비결,1
2292,충북,1
2293,전통음식축제,1
2294,토정,1
2295,토이키노,1
2296,접근,1
2297,지폐,1
2298,태안읍,1
2299,탱고댄스,1
2300,탱고,1
2301,정리,1
2302,정림,1
2303,충청남도,1
2304,택시,1
2305,택,1
2306,태풍,1
2307,정비,1
2308,지정,1
2309,태평로,1
2310,태의,1
2311,정상급,1
2312,지인,1
2313,정수,1
2314,지의,1
2315,정동제일교회,1
2316,탱고음악,1
2317,충청남,1
2318,터,1
2319,지킴,1
2320,테마프로그램,1
2321,접전,1
2322,접합,1
2323,지지자,1
2324,정권,1
2325,정글짐,1
2326,정답,1
2327,테마거리,1
2328,테,1
2329,정동길,1
2330,텃밭,1
2331,터닝메카드,1
2332,터닝,1
2333,터널,1
2334,제향,1
2335,클로버,1
2336,토크쇼,1
2337,캠페인,1
2338,주체적,1
2339,캣,1
2340,캠핑부,1
2341,주택,1
2342,치매,1
2343,캠핑,1
2344,죽음,1
2345,준수,1
2346,조각,1
2347,준의,1
2348,줄,1
2349,캐릭터인,1
2350,중과,1
2351,칼럼,1
2352,중화체육공원,1
2353,칼,1
2354,즐거움,1
2355,커뮤니티,1
2356,주차장거리,1
2357,주차장,1
2358,커피시장,1
2359,주변공간,1
2360,커피문화,1
2361,주산지시장,1
2362,주시,1
2363,주연,1
2364,증진,1
2365,주요문화,1
2366,증정,1
2367,주의,1
2368,주일,1
2369,주장,1
2370,커튼,1
2371,커스,1
2372,주차,1
2373,칸,1
2374,카펫,1
2375,치매환자,1
2376,칠성,1
2377,칠,1
2378,중로,1
2379,친환경,1
2380,중순,1
2381,친밀감,1
2382,중심지,1
2383,중함,1
2384,중앙,1
2385,친,1
2386,중앙회,1
2387,중요,1
2388,칙령,1
2389,중요무형문화재,1
2390,중요성,1
2391,중절,1
2392,칠레,1
2393,중랑아티스트,1
2394,중화,1
2395,침략,1
2396,중기,1
2397,치스,1
2398,중기이코노미,1
2399,중남미,1
2400,치스코회,1
2401,카카오키즈,1
2402,카카오게임즈,1
2403,중남미사진작가,1
2404,중단,1
2405,중도,1
2406,중도일보,1
2407,카운트다운,1
2408,카운트,1
2409,카드,1
2410,중랑구,1
2411,커피축제,1
2412,주민참여마당,1
2413,컨벤션,1
2414,퀴즈,1
2415,조아,1
2416,조영실교수,1
2417,콩쿠르,1
2418,콜라,1
2419,조팝,1
2420,콜,1
2421,콘티,1
2422,취타대,1
2423,조팝나무,1
2424,지법,1
2425,콘셉트,1
2426,조형물,1
2427,조화,1
2428,지방,1
2429,존경과,1
2430,조성공사,1
2431,조선왕조,1
2432,지도교수,1
2433,큐,1
2434,조교,1
2435,클럽,1
2436,지속,1
2437,클래스,1
2438,조금관리위원회,1
2439,조끼,1
2440,조달청,1
2441,크림,1
2442,조리계열,1
2443,조망,1
2444,크리스마스페어,1
2445,지본,1
2446,조선시대,1
2447,조선왕실,1
2448,큐페스티벌,1
2449,지류,1
2450,취학,1
2451,지,1
2452,종일,1
2453,켄,1
2454,케이크,1
2455,주경,1
2456,컴투스,1
2457,컴업,1
2458,지구촌,1
2459,컬렉터인,1
2460,컬렉터,1
2461,컬렉션,1
2462,주도하다,1
2463,주동자,1
2464,지구,1
2465,주류유통전문기업,1
2466,컨설팅,1
2467,주말동안,1
2468,종합,1
2469,종이,1
2470,종가,1
2471,종영,1
2472,콕,1
2473,종관,1
2474,종대,1
2475,코첼라,1
2476,코이버드,1
2477,취학아동,1
2478,코스튬,1
2479,코스모스,1
2480,종료,1
2481,코너,1
2482,켤레,1
2483,치료비,1
2484,종묘제례악,1
2485,종사자,1
2486,켈,1
2487,전자현악,1
2488,전자피아노,1
2489,인디,1
2490,차별,1
2491,평화적,1
2492,축협,1
2493,차선,1
2494,임해지,1
2495,입,1
2496,차별화,1
2497,출발점,1
2498,입상자,1
2499,집들이,1
2500,입장,1
2501,평판,1
2502,입증,1
2503,평창,1
2504,입지여건,1
2505,입찰,1
2506,입찰명,1
2507,임택,1
2508,평화통일,1
2509,임직원,1
2510,임업,1
2511,일일,1
2512,포도,1
2513,일일토종학교,1
2514,차이,1
2515,차원,1
2516,폐자재,1
2517,일자산,1
2518,일제,1
2519,일환,1
2520,폐막행사,1
2521,폐막,1
2522,임신,1
2523,임신중절합법화,1
2524,임신중지,1
2525,폐,1
2526,잎,1
2527,잎클로버,1
2528,차례,1
2529,차기,1
2530,쯤,1
2531,편리,1
2532,자생력,1
2533,편견,1
2534,자세,1
2535,페즈,1
2536,페인트,1
2537,짜임새,1
2538,집회,1
2539,자원봉사자,1
2540,집중,1
2541,출처,1
2542,자유ㆍ민주ㆍ정의,1
2543,자인,1
2544,자작,1
2545,편백,1
2546,자문,1
2547,자가,1
2548,편백나무,1
2549,평가보고회장,1
2550,자동,1
2551,자동제세동기,1
2552,출생,1
2553,평가보고회,1
2554,평,1
2555,자라,1
2556,편집숍맨온,1
2557,자로,1
2558,차량,1
2559,자료전,1
2560,편의점,1
2561,자리매김,1
2562,자립,1
2563,자매,1
2564,축제협의회,1
2565,일요신문,1
2566,포르,1
2567,품격,1
2568,찬바람,1
2569,푸른,1
2570,표창,1
2571,인천지법,1
2572,인터,1
2573,인터내셔날,1
2574,인터뷰,1
2575,인터콘티넨,1
2576,인터파크티켓,1
2577,인테리어,1
2578,인파,1
2579,인프라,1
2580,인해,1
2581,표방,1
2582,표기,1
2583,찬성,1
2584,인원,1
2585,일-20,1
2586,품목,1
2587,축구장,1
2588,풍물전,1
2589,풍물공연,1
2590,인류무형유산,1
2591,축산,1
2592,풋볼,1
2593,품질,1
2594,축적,1
2595,인사,1
2596,축적물,1
2597,중지,1
2598,인산인해,1
2599,인상적,1
2600,참가권,1
2601,인식개선,1
2602,표,1
2603,일간,1
2604,일요,1
2605,차지,1
2606,일보,1
2607,포이즌,1
2608,포용,1
2609,포스터전,1
2610,포사다스,1
2611,일부,1
2612,포사,1
2613,일산호수공원,1
2614,축제장,1
2615,일상샷,1
2616,일상적,1
2617,포르투,1
2618,일상탈출코드,1
2619,일생,1
2620,일시,1
2621,포인트,1
2622,포장,1
2623,착안,1
2624,차회,1
2625,일급,1
2626,일급기밀,1
2627,착륙,1
2628,축제기간동안,1
2629,포함,1
2630,포토행사,1
2631,축제인,1
2632,포크,1
2633,일명,1
2634,일몰,1
2635,포천간,1
2636,일반부,1
2637,일반인,1
2638,일반적,1
2639,포차,1
2640,자재,1
2641,페론,1
2642,토핑,1
2643,진달래,1
2644,특별행사,1
2645,특공무술,1
2646,특공,1
2647,전개,1
2648,전경련,1
2649,트립,1
2650,전광판,1
2651,전기,1
2652,자전거대행진,1
2653,전기자동차,1
2654,전날,1
2655,전령,1
2656,트로트,1
2657,전령사,1
2658,전례,1
2659,전례차장,1
2660,특산물,1
2661,적기,1
2662,특산품,1
2663,특색,1
2664,재청,1
2665,특화,1
2666,재현행사,1
2667,재활용,1
2668,잼,1
2669,저녁,1
2670,저명,1
2671,저서,1
2672,특집콘서트,1
2673,특집,1
2674,특전사,1
2675,진수,1
2676,출하,1
2677,특설,1
2678,저항,1
2679,트렌디,1
2680,트렌,1
2681,트랜스지방,1
2682,전시교류전,1
2683,전시라,1
2684,통신,1
2685,직장인,1
2686,전시전,1
2687,전시컨벤션,1
2688,전시컨벤션코드,1
2689,전시행사,1
2690,통교,1
2691,전액,1
2692,통과의례,1
2693,전야,1
2694,직장생활,1
2695,전야제,1
2696,직장,1
2697,전원,1
2698,전시구성,1
2699,통일,1
2700,트랜스,1
2701,통제,1
2702,트라페즈,1
2703,전문기업,1
2704,직접,1
2705,전문전시회,1
2706,툰,1
2707,투호,1
2708,투표,1
2709,투자자,1
2710,투스,1
2711,퇴치,1
2712,전수교육조교,1
2713,전수자로,1
2714,통화위조,1
2715,통화,1
2716,통찰,1
2717,틀,1
2718,재연,1
2719,재수,1
2720,판매전,1
2721,판매부스,1
2722,잠실학생체육관,1
2723,질적,1
2724,판,1
2725,질문,1
2726,잡곡,1
2727,잡기,1
2728,파트너십,1
2729,파크골프장,1
2730,진흥원,1
2731,장관상인,1
2732,진흥,1
2733,파주시민,1
2734,장기,1
2735,장기자랑,1
2736,잠,1
2737,판사,1
2738,파주북소리,1
2739,판소리,1
2740,자존,1
2741,자책감,1
2742,팽이,1
2743,작가미술장터,1
2744,작곡가,1
2745,팩,1
2746,짐승,1
2747,패,1
2748,팔레,1
2749,팔,1
2750,잔디,1
2751,판화,1
2752,판타지,1
2753,잔디마당,1
2754,판타스,1
2755,파주시,1
2756,진행사업,1
2757,재발견,1
2758,티스테,1
2759,장편부문,1
2760,장형,1
2761,티스,1
2762,장형순,1
2763,티셔츠,1
2764,출판산업과,1
2765,재구성,1
2766,재능,1
2767,티몬을,1
2768,재능기부,1
2769,티드,1
2770,티넨,1
2771,티나협회,1
2772,진이,1
2773,재미,1
2774,장편,1
2775,진입,1
2776,출판,1
2777,장윤정,1
2778,장미가요제,1
2779,파인,1
2780,장미길,1
2781,장미마라톤대회,1
2782,파생,1
2783,파라벨,1
2784,파라,1
2785,장미마켓,1
2786,진출,1
2787,장미터널,1
2788,파,1
2789,팀별,1
2790,팀대항전,1
2791,출판문화,1
2792,장식,1
2793,자민,1
2794,성북구청장,1
2795,여종,1
2796,금손,1
2797,긍정적,1
2798,기념사업,1
2799,기념품,1
2800,기도,1
2801,기독,1
2802,기독교,1
2803,기독대학교,1
2804,기로,1
2805,기록,1
2806,기면,1
2807,기면사,1
2808,기미,1
2809,기미독립만세운동,1
2810,기밀,1
2811,기반,1
2812,기본,1
2813,기부방방,1
2814,기분,1
2815,기쁨,1
2816,기사,1
2817,기상천외,1
2818,기선,1
2819,기소,1
2820,기술,1
2821,기업간,1
2822,급,1
2823,금산군,1
2824,궁능유적본부,1
2825,금산,1
2826,권의,1
2827,권익,1
2828,귀감,1
2829,귀밝이,1
2830,귀밝이술,1
2831,규석,1
2832,그것,1
2833,그날,1
2834,그때,1
2835,그랑프리,1
2836,그림도시,1
2837,극,1
2838,극장,1
2839,근대문화,1
2840,근대역사,1
2841,근린,1
2842,근린공원,1
2843,근무자,1
2844,근처,1
2845,근현대사,1
2846,근현대사기념관,1
2847,글로벌도시,1
2848,글박물관,1
2849,금강산,1
2850,금번,1
2851,기여,1
2852,기자재,1
2853,기자회견,1
2854,기장,1
2855,깡통,1
2856,꼬미,1
2857,꽃마차,1
2858,꽃잎,1
2859,꽃잠프로젝트,1
2860,나간,1
2861,나누기,1
2862,나눔문화,1
2863,나눔운동,1
2864,나눔장,1
2865,나눔축제,1
2866,나들이코드,1
2867,나라사랑,1
2868,나루,1
2869,나무꾼,1
2870,나이,1
2871,나중,1
2872,나파,1
2873,나흘간,1
2874,나흘간의,1
2875,낙,1
2876,낙농,1
2877,낙농가,1
2878,낙엽,1
2879,난방기,1
2880,김환,1
2881,김치명인,1
2882,김준수,1
2883,김명희,1
2884,기지,1
2885,기타,1
2886,기한,1
2887,기해년,1
2888,기호,1
2889,기호식품,1
2890,기획개발,1
2891,기획안,1
2892,기후,1
2893,기후변화,1
2894,길운,1
2895,김복주,1
2896,김정수,1
2897,김영,1
2898,김영숙,1
2899,김유지,1
2900,김장간,1
2901,김장나눔,1
2902,김장마켓,1
2903,김장문화마을,1
2904,김장문화제,1
2905,김장월드,1
2906,김장잔치,1
2907,김재현,1
2908,궁중과,1
2909,궁극적,1
2910,고흥,1
2911,공제,1
2912,공주시,1
2913,과거,1
2914,과일,1
2915,과자페스티벌,1
2916,과제빵,1
2917,관계,1
2918,관광기념품,1
2919,관광명소,1
2920,관광콘텐츠,1
2921,관급,1
2922,관내,1
2923,관념,1
2924,관람가능,1
2925,관람시간,1
2926,관람연령,1
2927,관련기관,1
2928,관심사,1
2929,관엽식물,1
2930,관장,1
2931,관저,1
2932,관찰,1
2933,관현악,1
2934,관협업,1
2935,광,1
2936,광고,1
2937,공주,1
2938,공장,1
2939,굿즈,1
2940,공윤선,1
2941,골목,1
2942,골목놀이,1
2943,골방,1
2944,골판지,1
2945,골프장,1
2946,곱,1
2947,공간조성,1
2948,공감대,1
2949,공개방송,1
2950,공고,1
2951,공단,1
2952,공덕,1
2953,공동보고회,1
2954,공동체마켓,1
2955,공로자,1
2956,공로자회장,1
2957,공식행사,1
2958,공신당,1
2959,공연단,1
2960,공연예술축제,1
2961,공연일시,1
2962,공연장소,1
2963,공연행사,1
2964,공예,1
2965,공예작품,1
2966,광나루,1
2967,광나루역,1
2968,광양,1
2969,광양시,1
2970,국내유일,1
2971,국내최초,1
2972,국립국악원,1
2973,국무총리,1
2974,국무총리상은,1
2975,국민문화제,1
2976,국민연합,1
2977,국민적,1
2978,국악단,1
2979,국악원,1
2980,국악인,1
2981,국장,1
2982,국제영화제,1
2983,국제적,1
2984,국제청년교류마켓,1
2985,국한,1
2986,국화,1
2987,국회,1
2988,국회의원,1
2989,군대,1
2990,군생활,1
2991,군수,1
2992,군수협의회,1
2993,군인,1
2994,굿,1
2995,국내산,1
2996,국난극복,1
2997,국난,1
2998,교차로,1
2999,광역시,1
3000,광주광역시,1
3001,광주시,1
3002,광주전남발전,1
3003,광통교,1
3004,괘,1
3005,교로,1
3006,교실,1
3007,교육청,1
3008,교장,1
3009,교장바위,1
3010,교통대란,1
3011,국가제례,1
3012,교회,1
3013,구두,1
3014,구로,1
3015,구로구,1
3016,구리역,1
3017,구민상,1
3018,구의,1
3019,구조물,1
3020,구축,1
3021,국가무형문화재,1
3022,국가유공자분,1
3023,난지,1
3024,날개,1
3025,날개클럽,1
3026,대학생,1
3027,대학생부,1
3028,대한민국독서대전,1
3029,대한민국커피축제,1
3030,대항전,1
3031,대현,1
3032,대현문화공원,1
3033,대형,1
3034,대화,1
3035,댄서,1
3036,댄스뮤직,1
3037,댄스팀,1
3038,댐,1
3039,댓,1
3040,더스트,1
3041,더위,1
3042,덕유산,1
3043,덜트,1
3044,데이,1
3045,데이터,1
3046,데이트코스,1
3047,데일리,1
3048,도가,1
3049,도깨비,1
3050,도깨비난장,1
3051,도로위,1
3052,대학생문화축제,1
3053,대표작가,1
3054,날인,1
3055,대표시장,1
3056,대란,1
3057,대미,1
3058,대변인,1
3059,대별,1
3060,대북,1
3061,대북공연,1
3062,대사,1
3063,대사관저,1
3064,대야,1
3065,대열,1
3066,대왕릉,1
3067,대왕유적관리소,1
3068,대용,1
3069,대응,1
3070,대인,1
3071,대전시가,1
3072,대전시민,1
3073,대종상,1
3074,대주,1
3075,대중문화,1
3076,대중적,1
3077,대중화,1
3078,대축,1
3079,대축관,1
3080,대토론,1
3081,도로통제,1
3082,도리,1
3083,도모,1
3084,도서,1
3085,동인,1
3086,동작대,1
3087,동작대교,1
3088,동지,1
3089,동짓날,1
3090,동학,1
3091,동학농민,1
3092,동행,1
3093,동향,1
3094,동호회,1
3095,돼지,1
3096,돼지띠,1
3097,두각,1
3098,두왑,1
3099,둔치,1
3100,둘,1
3101,둘레길,1
3102,둘째,1
3103,둘째주,1
3104,뒤편,1
3105,드러머,1
3106,드럼캣,1
3107,드레스,1
3108,드로,1
3109,드림,1
3110,동양인,1
3111,동양,1
3112,동아줄,1
3113,독립만세운동,1
3114,도서전,1
3115,도서전과,1
3116,도시농업단체,1
3117,도시브랜드,1
3118,도시인,1
3119,도의,1
3120,도전,1
3121,도지사,1
3122,독,1
3123,독도,1
3124,독립공원,1
3125,독립예술,1
3126,동아닷컴,1
3127,독립운동가,1
3128,독서,1
3129,돌,1
3130,동구청,1
3131,동네,1
3132,동대문디자인플라자,1
3133,동도,1
3134,동물,1
3135,동부,1
3136,동시대,1
3137,동아,1
3138,대덕구,1
3139,대덕,1
3140,대단원,1
3141,농협,1
3142,냄새,1
3143,냥,1
3144,네덜란드,1
3145,네스,1
3146,네이버,1
3147,네이버문화재단,1
3148,네이비,1
3149,넥트,1
3150,넨,1
3151,넬,1
3152,넷,1
3153,녀,1
3154,노란색,1
3155,노인복지,1
3156,노인종합복지관,1
3157,노천카페,1
3158,노현,1
3159,노현송,1
3160,논산,1
3161,논산시,1
3162,농기구,1
3163,농산물,1
3164,농악,1
3165,농축,1
3166,농축산식품부와,1
3167,내한,1
3168,내포,1
3169,내전,1
3170,남이섬,1
3171,남궁,1
3172,남미,1
3173,남발,1
3174,남북,1
3175,남북간,1
3176,남산공원,1
3177,남산교,1
3178,남산한옥,1
3179,남산한옥마을,1
3180,남성,1
3181,남열,1
3182,남이섬교육문화그룹,1
3183,내용,1
3184,남이섬어쿠스틱청춘,1
3185,남자친구,1
3186,납,1
3187,낭만거리,1
3188,낭만랜드,1
3189,낭만적인,1
3190,낮,1
3191,내가,1
3192,내고향,1
3193,내고향이,1
3194,내외국,1
3195,농특산물,1
3196,농협중앙회,1
3197,대기오염,1
3198,누리,1
3199,닥터그램,1
3200,단거리,1
3201,단계,1
3202,단의,1
3203,단절,1
3204,단편,1
3205,단편적,1
3206,단풍,1
3207,단풍잎,1
3208,달님,1
3209,달리기,1
3210,달을,1
3211,달착륙,1
3212,담론,1
3213,닷컴,1
3214,당시,1
3215,당신,1
3216,당첨,1
3217,대거리,1
3218,대관령,1
3219,대구공업대학교,1
3220,대구국제뮤지컬,1
3221,대구센터,1
3222,대규모,1
3223,대기번호,1
3224,닥터,1
3225,다이나믹광장,1
3226,다이나,1
3227,닉,1
3228,눈길,1
3229,눈꽃,1
3230,눈꽃산행,1
3231,눔,1
3232,뉴스1,1
3233,뉴스토마토,1
3234,뉴욕,1
3235,능,1
3236,능력,1
3237,늦가을,1
3238,니켈,1
3239,다각도,1
3240,다육,1
3241,다도해,1
3242,다도해해상국립,1
3243,다라,1
3244,다례,1
3245,다리,1
3246,다목적,1
3247,다산,1
3248,다산콜센터,1
3249,다수,1
3250,다스,1
3251,다운,1
3252,고흥방문,1
3253,고향,1
3254,여의서로,1
3255,1순위,1
3256,1운동,1
3257,1의,1
3258,1인,1
3259,1절,1
3260,1주일,1
3261,1팩,1
3262,"2,052",1
3263,"2,052개",1
3264,2.6,1
3265,2.8,1
3266,2000년,1
3267,2000켤레,1
3268,2004,1
3269,2004년,1
3270,2007,1
3271,2007년,1
3272,2009,1
3273,2009년,1
3274,2010,1
3275,2010년,1
3276,2012,1
3277,2012년,1
3278,2013,1
3279,2013년,1
3280,2015.8,1
3281,1시,1
3282,1석2조,1
3283,173년,1
3284,1번,1
3285,18시,1
3286,18호,1
3287,1900,1
3288,1900년대,1
3289,1908,1
3290,1919,1
3291,1948,1
3292,1948년,1
3293,1969,1
3294,1969년,1
3295,1981,1
3296,1981년,1
3297,1983,1
3298,1983년,1
3299,1991,1
3300,1991년,1
3301,1996,1
3302,1997,1
3303,1997년,1
3304,1999,1
3305,1999년,1
3306,19이념,1
3307,19혁명국민문화제,1
3308,1만,1
3309,1만명,1
3310,2019.06,1
3311,2019.10,1
3312,2019가을,1
3313,202,1
3314,2잔,1
3315,2주차,1
3316,2천,1
3317,2층,1
3318,3.1독립운동,1
3319,3.1절,1
3320,3000,1
3321,3000명,1
3322,300㎜,1
3323,300여개,1
3324,300여명,1
3325,30년,1
3326,30시간,1
3327,30여종,1
3328,30주년,1
3329,369,1
3330,37,1
3331,37분,1
3332,37분로,1
3333,3가지,1
3334,3개사,1
3335,3박,1
3336,3박5일,1
3337,3월1일,1
3338,3위,1
3339,2일간,1
3340,2인,1
3341,2시간동안,1
3342,23회,1
3343,2052,1
3344,2052개,1
3345,207,1
3346,20분,1
3347,20시,1
3348,20억4000만,1
3349,20주년,1
3350,21회,1
3351,22번째,1
3352,22회,1
3353,23개,1
3354,24절후의,1
3355,2시간가량,1
3356,250개,1
3357,250여,1
3358,250여개,1
3359,25년간,1
3360,25만,1
3361,28무용극,1
3362,29회,1
3363,2만여,1
3364,2부,1
3365,2세대,1
3366,2시30분,1
3367,17회,1
3368,173,1
3369,고통,1
3370,0강서구,1
3371,0규모,1
3372,0기자,1
3373,0다례,1
3374,0다양,1
3375,0대구공업대학교,1
3376,0두왑사운즈,1
3377,0디저트,1
3378,0백운용,1
3379,0블루파인,1
3380,0사전,1
3381,0사항,1
3382,0서울금손,1
3383,0서울시,1
3384,0수상,1
3385,0언어,1
3386,0영국,1
3387,0온라인,1
3388,0올해,1
3389,0이날,1
3390,0이별,1
3391,0일산,1
3392,0자세한,1
3393,0전국,1
3394,0전시,1
3395,0전원,1
3396,0국내,1
3397,0가능,1
3398,166회,1
3399,09,1
3400,-0796,1
3401,-20,1
3402,00,1
3403,010,1
3404,010일,1
3405,015,1
3406,015회,1
3407,018,1
3408,018시,1
3409,02,1
3410,020,1
3411,020회차,1
3412,025,1
3413,025일,1
3414,028,1
3415,028일,1
3416,029,1
3417,029일,1
3418,02월,1
3419,030,1
3420,030일,1
3421,06월,1
3422,07월,1
3423,08,1
3424,08일,1
3425,0정흠밴드,1
3426,0제과부분,1
3427,0중국,1
3428,0창업동아리,1
3429,115,1
3430,115주년,1
3431,11개,1
3432,11월10일,1
3433,11월15일,1
3434,11월1일,1
3435,11월24일,1
3436,11월호,1
3437,120,1
3438,125,1
3439,125주년,1
3440,12번지,1
3441,12시,1
3442,12회,1
3443,13개,1
3444,13번째,1
3445,13종,1
3446,13주년,1
3447,13회,1
3448,1400,1
3449,1400년대,1
3450,14개,1
3451,164,1
3452,164회,1
3453,166,1
3454,10월31일,1
3455,10월1일,1
3456,10만여,1
3457,"1,000",1
3458,0창작물,1
3459,0최대,1
3460,0축제,1
3461,0축제인,1
3462,0통합,1
3463,0통해,1
3464,0페스티,1
3465,0행사의,1
3466,0호텔외식조리,1
3467,0홈페이지,1
3468,0확인,1
3469,"1,000명",1
3470,10만,1
3471,"1,886",1
3472,"1,886주",1
3473,1.7,1
3474,10.17,1
3475,10.31,1
3476,1000명,1
3477,100여,1
3478,100여년,1
3479,100인의,1
3480,100주년,1
3481,10개,1
3482,3일간,1
3483,3주차,1
3484,3층,1
3485,개막행사,1
3486,개봉,1
3487,개사,1
3488,개성,1
3489,개성공단,1
3490,개운산공원,1
3491,개의,1
3492,개장식,1
3493,개척,1
3494,개척정신,1
3495,개통,1
3496,개혁,1
3497,개화,1
3498,거,1
3499,거기,1
3500,거대,1
3501,거리극,1
3502,거리도서전,1
3503,거리뮤지컬,1
3504,거리예술,1
3505,거북선,1
3506,거스름돈,1
3507,거점,1
3508,거주,1
3509,거즈,1
3510,거행,1
3511,개방형,1
3512,개막축하공연,1
3513,3학년,1
3514,개관식,1
3515,감성,1
3516,감소,1
3517,값,1
3518,갓김치,1
3519,강대,1
3520,강대교,1
3521,강동구,1
3522,강릉시,1
3523,강릉아레나,1
3524,강릉커피,1
3525,강변,1
3526,강변북로,1
3527,강북구청,1
3528,강북구청장,1
3529,강북소방서,1
3530,강산,1
3531,강서구민상,1
3532,강서주민,1
3533,강연행사,1
3534,강원도,1
3535,강원여성,1
3536,강좌,1
3537,강탈,1
3538,강화,1
3539,개개인,1
3540,건강의료전문,1
3541,건물,1
3542,건천,1
3543,건천체육공원,1
3544,경품추첨,1
3545,경향실용음악콩쿠르,1
3546,계,1
3547,계단,1
3548,계룡시청,1
3549,계속,1
3550,계약,1
3551,계약방법,1
3552,계열,1
3553,계절별,1
3554,계현,1
3555,고궁,1
3556,고등,1
3557,고려대,1
3558,고려대학교,1
3559,고령,1
3560,고령군,1
3561,고무신,1
3562,고문,1
3563,고속도로,1
3564,고양,1
3565,고양국제꽃박람회,1
3566,고양이,1
3567,고집,1
3568,고추장,1
3569,경품추천,1
3570,경진대회,1
3571,경진,1
3572,결집,1
3573,걸기,1
3574,검찰,1
3575,게시,1
3576,겨울애,1
3577,격,1
3578,격려,1
3579,격식,1
3580,견적,1
3581,견적입찰,1
3582,견적제출,1
3583,결과물,1
3584,경계,1
3585,경제풍월,1
3586,경과,1
3587,경기방송,1
3588,경매사,1
3589,경복궁,1
3590,경복궁관리소,1
3591,경북도,1
3592,경상,1
3593,경상북도,1
3594,경성,1
3595,경영,1
3596,경제관념,1
3597,감사,1
3598,감각,1
3599,갈무리,1
3600,77,1
3601,5000켤레,1
3602,50분,1
3603,50여개,1
3604,51,1
3605,51개,1
3606,56,1
3607,59,1
3608,59주년,1
3609,5만,1
3610,5시,1
3611,5월18일,1
3612,5천여,1
3613,5호선,1
3614,5회차,1
3615,60여개국,1
3616,60주년,1
3617,619,1
3618,619돌,1
3619,622,1
3620,65,1
3621,6종,1
3622,6차,1
3623,6천명,1
3624,6천억,1
3625,72,1
3626,5000명,1
3627,5.28,1
3628,5.18광주민주화운동,1
3629,471주년,1
3630,3회차,1
3631,4.19혁명국민문화제,1
3632,4000,1
3633,40분,1
3634,40여개의,1
3635,412,1
3636,412주년,1
3637,43,1
3638,43만,1
3639,464,1
3640,471,1
3641,47분,1
3642,5.18,1
3643,47분쯤,1
3644,4괘,1
3645,4만여명,1
3646,4번째,1
3647,4월13일,1
3648,4월16일,1
3649,4월19일,1
3650,4인의,1
3651,4조,1
3652,4종,1
3653,4차선,1
3654,72회,1
3655,7개,1
3656,갈매,1
3657,7위,1
3658,㎡,1
3659,가늠자,1
3660,가능성,1
3661,가든,1
3662,가상,1
3663,가스,1
3664,가슴,1
3665,가양,1
3666,가양동,1
3667,가요,1
3668,가요제,1
3669,가위,1
3670,가을길,1
3671,가을꽃,1
3672,가정,1
3673,가족단위,1
3674,가족형태,1
3675,가주,1
3676,각광,1
3677,각국,1
3678,각오,1
3679,각자,1
3680,간식,1
3681,간식먹거리,1
3682,간직,1
3683,㎜,1
3684,ㆍ풍납토성,1
3685,no.1,1
3686,950,1
3687,7차검찰개혁,1
3688,7회,1
3689,80세,1
3690,80여개,1
3691,"87,859",1
3692,"87,859주",1
3693,8도,1
3694,90,1
3695,9050,1
3696,9050원,1
3697,90분,1
3698,950원,1
3699,no.,1
3700,97,1
3701,97회,1
3702,99.9,1
3703,9명,1
3704,9시30분,1
3705,9월15일,1
3706,9월20일,1
3707,9월21일,1
3708,9월28일,1
3709,9월4일,1
3710,9천만,1
3711,들,1
3712,들판,1
3713,등극,1
3714,성원,1
3715,성주,1
3716,성주군,1
3717,성지,1
3718,성지인,1
3719,성찰,1
3720,성프,1
3721,성행,1
3722,성황,1
3723,세계문화유산인,1
3724,세계유산,1
3725,세계유산인,1
3726,세계최대,1
3727,세로모아쓰기,1
3728,세명고,1
3729,세부,1
3730,세세,1
3731,세세풍속,1
3732,세션으로,1
3733,세시풍속,1
3734,세종대왕릉,1
3735,세종대왕실,1
3736,세종문화회관,1
3737,세종뮤직위크,1
3738,세텍에서,1
3739,세한,1
3740,성장률,1
3741,성웅,1
3742,선도,1
3743,성우토크쇼,1
3744,선사,1
3745,선수,1
3746,선수상,1
3747,선양,1
3748,선유도공원,1
3749,선율,1
3750,선진,1
3751,선착장,1
3752,선포,1
3753,설,1
3754,설계,1
3755,설날,1
3756,설명,1
3757,설탕,1
3758,섬재즈,1
3759,성군,1
3760,성남,1
3761,성남시립국악단,1
3762,성내,1
3763,성내동,1
3764,성동문인협회,1
3765,성동미술협회,1
3766,성북구청,1
3767,성북천분수마,1
3768,성우,1
3769,섹션,1
3770,섹터,1
3771,셀프,1
3772,소개팅,1
3773,소화기,1
3774,속목장,1
3775,손수,1
3776,손스타,1
3777,손흥민,1
3778,솔,1
3779,솜,1
3780,송기,1
3781,송기주,1
3782,송병준,1
3783,송시열,1
3784,송시열선생,1
3785,송유지,1
3786,송이,1
3787,송이떡국,1
3788,쇼핑,1
3789,수국,1
3790,수도권,1
3791,수도원,1
3792,수량,1
3793,수령,1
3794,수림대,1
3795,수림대공원,1
3796,수립,1
3797,수마,1
3798,소품,1
3799,소정,1
3800,소장,1
3801,소망엽서,1
3802,소개팅녀,1
3803,소녀,1
3804,소녀시대,1
3805,소년단,1
3806,소년병,1
3807,소다,1
3808,소동,1
3809,소동호가,1
3810,소득,1
3811,소득공제,1
3812,소리,1
3813,소망지,1
3814,소외계층,1
3815,소망탑,1
3816,소망풍선,1
3817,소믈리에,1
3818,소박이,1
3819,소방,1
3820,소방서,1
3821,소방시설,1
3822,소설,1
3823,소식,1
3824,소액,1
3825,소액수의,1
3826,선물,1
3827,선녀,1
3828,등록,1
3829,사춤,1
3830,사회적경제기업,1
3831,사회적기업,1
3832,사흘간,1
3833,산과,1
3834,산림청,1
3835,산세,1
3836,산업과,1
3837,산업제품,1
3838,산조,1
3839,산지,1
3840,산책,1
3841,산책길,1
3842,산행,1
3843,살리기,1
3844,살리기운동본부,1
3845,살인,1
3846,살인사건,1
3847,삼성역,1
3848,삼아,1
3849,삼일,1
3850,삼일절,1
3851,상권,1
3852,상상,1
3853,상생,1
3854,상승,1
3855,사회본부장,1
3856,사찰음식,1
3857,석진,1
3858,사찰,1
3859,사군자,1
3860,사단,1
3861,사단법인,1
3862,사랑부ㆍ역사,1
3863,사료,1
3864,사물놀이,1
3865,사상,1
3866,사색,1
3867,사업비,1
3868,사업장,1
3869,사업회,1
3870,사연,1
3871,사용법,1
3872,사우스,1
3873,사우스아트,1
3874,사운,1
3875,사유,1
3876,사의,1
3877,사이카,1
3878,사인볼,1
3879,사전예약프로그램,1
3880,사진영상기자재전,1
3881,사진전,1
3882,사진제공,1
3883,사진진흥협회,1
3884,상시프로그램,1
3885,상암동,1
3886,상은,1
3887,상인동아리,1
3888,서울마을미디어축제,1
3889,서울숲,1
3890,서울시가,1
3891,서울시립,1
3892,서울시립미술관,1
3893,서울시민,1
3894,서울시의,1
3895,서울역,1
3896,서울옥션,1
3897,서울재즈페스티벌,1
3898,서울지역,1
3899,서장,1
3900,서점,1
3901,서쪽,1
3902,서천,1
3903,서천군,1
3904,서초3동,1
3905,서초강산,1
3906,서초구민,1
3907,서초구의,1
3908,서초구청,1
3909,서초문화재단,1
3910,서초역,1
3911,석민,1
3912,석조전,1
3913,서울디저트,1
3914,서울대,1
3915,서울금손,1
3916,생일,1
3917,상일동,1
3918,상일텃밭,1
3919,상점,1
3920,상주,1
3921,상춘객,1
3922,상품성,1
3923,새벽녘,1
3924,새싹,1
3925,색,1
3926,샌드위치,1
3927,샐러드,1
3928,생일잔치,1
3929,서울국제빵,1
3930,생태도시,1
3931,생활성,1
3932,샵,1
3933,샷,1
3934,서디페,1
3935,서로,1
3936,서막,1
3937,서면,1
3938,서양,1
3939,서예,1
3940,서울교통정보센터,1
3941,수박,1
3942,수비대,1
3943,수상결과,1
3944,아트업페스티벌,1
3945,아헌관,1
3946,아홉,1
3947,악당,1
3948,악의,1
3949,안경테,1
3950,안내공고,1
3951,안방,1
3952,안방극장,1
3953,안보,1
3954,안산,1
3955,안산봉수대,1
3956,안장,1
3957,안진,1
3958,안진옥관장,1
3959,안티,1
3960,안해,1
3961,암송시열,1
3962,압박,1
3963,압송,1
3964,앙팡,1
3965,애국정신,1
3966,애국정신과,1
3967,애비뉴,1
3968,애비타,1
3969,애장품,1
3970,아트토이,1
3971,아트업,1
3972,수상택시,1
3973,아트마켓,1
3974,실천의지,1
3975,심,1
3976,심사위원,1
3977,심정,1
3978,싱,1
3979,쌀엿강정,1
3980,씨샵,1
3981,씨페스티벌,1
3982,아,1
3983,아가,1
3984,아동복지시설,1
3985,아동학대,1
3986,아리랑,1
3987,아마추어,1
3988,아방가르드,1
3989,아산,1
3990,아산시,1
3991,아세,1
3992,아세안,1
3993,아우,1
3994,아이디어,1
3995,아이레스,1
3996,아이스크림,1
3997,아이템,1
3998,아트런,1
3999,애호가,1
4000,애환,1
4001,액,1
4002,액세서리,1
4003,엄사,1
4004,엄사중앙,1
4005,업과,1
4006,업소,1
4007,에너지자립,1
4008,에너지자립마을,1
4009,에디션,1
4010,에로티시즘,1
4011,에어,1
4012,에어바운스,1
4013,엑스포,1
4014,엔,1
4015,엔씨,1
4016,엠바카,1
4017,엠빅뉴스,1
4018,엠엑스엠,1
4019,여가,1
4020,여가프로그램,1
4021,여건,1
4022,여고,1
4023,여대,1
4024,여명의,1
4025,여명이,1
4026,여성화,1
4027,여의나루,1
4028,얼굴,1
4029,언어,1
4030,언리미티드,1
4031,양수,1
4032,앨범,1
4033,야간형,1
4034,야경,1
4035,야광,1
4036,야구단,1
4037,야시장,1
4038,야외무대,1
4039,야외행사,1
4040,얏,1
4041,양성,1
4042,양성과정,1
4043,양수자인,1
4044,억새,1
4045,양악,1
4046,양재동,1
4047,어둠,1
4048,어드벤처,1
4049,어드벤처광장,1
4050,어린이재단,1
4051,어린이체험,1
4052,어스,1
4053,어울림상,1
4054,어제,1
4055,어쿠스틱,1
4056,실용,1
4057,실시,1
4058,실버문화페스티벌,1
4059,시교육청,1
4060,스크린,1
4061,스타그램,1
4062,스타트업과,1
4063,스터,1
4064,스테이지,1
4065,스토퍼,1
4066,스튜,1
4067,스튜디오쉘터,1
4068,스트로,1
4069,스트릿,1
4070,스페이스,1
4071,스페이스라온,1
4072,스페인,1
4073,스펙트럼,1
4074,스포츠경향,1
4075,스포츠센터,1
4076,스포츠인,1
4077,스프링,1
4078,스핀,1
4079,슬라이드,1
4080,슬로건,1
4081,승마,1
4082,승화,1
4083,시각적,1
4084,시간대,1
4085,스마트포용도시,1
4086,스마트,1
4087,쉘터,1
4088,수해,1
4089,수술,1
4090,수업,1
4091,수요,1
4092,수원,1
4093,수원시,1
4094,수의,1
4095,수익금,1
4096,수입,1
4097,수입산,1
4098,수제맥주축제,1
4099,수준,1
4100,수확,1
4101,숲교육,1
4102,숙박,1
4103,숙식,1
4104,순간순간,1
4105,순국,1
4106,술,1
4107,술잔,1
4108,숨,1
4109,숫자,1
4110,숫자만큼,1
4111,숭모,1
4112,숭모제전,1
4113,시간대별,1
4114,시내,1
4115,실버문화,1
4116,시네마,1
4117,식생활,1
4118,식생활개선,1
4119,식음료관련,1
4120,식전,1
4121,식전행사,1
4122,식탁,1
4123,식품명인,1
4124,식품부와,1
4125,신규경기,1
4126,신규작품,1
4127,신당,1
4128,신라오릉보존,1
4129,신라호텔,1
4130,신명,1
4131,신민,1
4132,신민호,1
4133,신발,1
4134,신석구,1
4135,신세,1
4136,신세계인터내셔날,1
4137,신주,1
4138,신하,1
4139,실,1
4140,실기,1
4141,실버동아리,1
4142,식물,1
4143,시풍속,1
4144,시티,1
4145,시사만화,1
4146,시네마위크,1
4147,시단,1
4148,시단봉,1
4149,시도,1
4150,시리즈,1
4151,시맞이,1
4152,시민기자단,1
4153,시민참여프로그램,1
4154,시민참여형,1
4155,시범공연,1
4156,시사,1
4157,시상,1
4158,시청자,1
4159,시선,1
4160,시선강탈,1
4161,시식회,1
4162,시월,1
4163,시위,1
4164,시의,1
4165,시인,1
4166,시장자생력,1
4167,시즌1,1
4168,시찰단,1
4169,시청앞,1
4170,사관,1
4171,사고,1
4172,사계절,1
4173,메,1
4174,메디컬,1
4175,메디컬투데이,1
4176,메시,1
4177,메시지,1
4178,메이,1
4179,메이터,1
4180,메치기,1
4181,메카,1
4182,멕시코,1
4183,멜로,1
4184,면,1
4185,명고,1
4186,명고등학교,1
4187,명동,1
4188,명물,1
4189,명소다,1
4190,명소여,1
4191,명소이자,1
4192,명장,1
4193,명희,1
4194,모,1
4195,모두하나대축제,1
4196,모드,1
4197,모드리치,1
4198,모량초등학교,1
4199,메뉴,1
4200,멍냥,1
4201,문화체험,1
4202,멍,1
4203,맛집들이,1
4204,망고,1
4205,망라,1
4206,망지,1
4207,매,1
4208,매개,1
4209,매경,1
4210,매니저,1
4211,매봉산,1
4212,매진,1
4213,매체,1
4214,매혹적,1
4215,맥주이자,1
4216,맥주축제,1
4217,맨,1
4218,맨온,1
4219,머,1
4220,머신,1
4221,먹,1
4222,먹을거리,1
4223,먹을거리등,1
4224,먼지,1
4225,멀티,1
4226,멀티플랫폼,1
4227,멋,1
4228,모바일,1
4229,모범적,1
4230,모빌,1
4231,모아,1
4232,무용단,1
4233,문객,1
4234,문석진,1
4235,문의사항,1
4236,문의하면,1
4237,문인,1
4238,문인화,1
4239,문제,1
4240,문학,1
4241,문학주간,1
4242,문화강좌,1
4243,문화공동체,1
4244,문화교류,1
4245,문화비,1
4246,문화비축기지,1
4247,문화예술위원회,1
4248,문화예술적,1
4249,문화원,1
4250,문화위원,1
4251,문화융성,1
4252,문화이미지,1
4253,문화장터,1
4254,문화재단,1
4255,문화재청,1
4256,문화재청과,1
4257,무용극,1
4258,무용,1
4259,무역센터,1
4260,무,1
4261,모터사이카,1
4262,목공,1
4263,목사,1
4264,목숨,1
4265,목장,1
4266,목장형유가공,1
4267,몫,1
4268,몬을,1
4269,몸짓,1
4270,몽,1
4271,묘지,1
4272,무관심,1
4273,무역,1
4274,무관심속,1
4275,무교,1
4276,무교동,1
4277,무늬,1
4278,무대행사,1
4279,무더위,1
4280,무료입장,1
4281,무리,1
4282,무술,1
4283,무신,1
4284,무언가,1
4285,맛집,1
4286,맛과,1
4287,맘,1
4288,로또,1
4289,라이프스타일,1
4290,라이프플러스,1
4291,라틴커뮤니케이션,1
4292,락,1
4293,래빗,1
4294,래빗토이,1
4295,랜드마크,1
4296,랩,1
4297,량,1
4298,러스터,1
4299,럭셔리,1
4300,런던,1
4301,렀,1
4302,레드,1
4303,레드카펫,1
4304,레오노르,1
4305,레이,1
4306,레이지본,1
4307,레저,1
4308,레저스포츠,1
4309,레진,1
4310,레크리에이션,1
4311,레트,1
4312,레트로,1
4313,렛츠,1
4314,라이트,1
4315,라운즈,1
4316,라운,1
4317,디저트페어,1
4318,등산객,1
4319,등재,1
4320,등지,1
4321,디렉터,1
4322,디밴드,1
4323,디엠,1
4324,디오,1
4325,디자인관련전시회,1
4326,디자인전문전시회,1
4327,디자인페스티벌,1
4328,디자인하우스,1
4329,디제이,1
4330,라온,1
4331,딩,1
4332,땀,1
4333,때문,1
4334,뜻,1
4335,띠,1
4336,라니,1
4337,라디오,1
4338,라미,1
4339,라스,1
4340,라스핀,1
4341,라오스,1
4342,렛츠락,1
4343,로얄,1
4344,맑은,1
4345,로열,1
4346,마스터클래스,1
4347,마을공동체,1
4348,마을미디어시상식,1
4349,마을영화,1
4350,마을자랑대회,1
4351,마음가짐,1
4352,마이웨딩,1
4353,마지막순간,1
4354,마크,1
4355,막,1
4356,막걸리,1
4357,막이,1
4358,막차,1
4359,막차운행,1
4360,만두,1
4361,만두샐러드,1
4362,만명,1
4363,만세운동,1
4364,만추,1
4365,만화가,1
4366,만화가사인회,1
4367,만화영화,1
4368,말,1
4369,말발,1
4370,말발도리,1
4371,마스터,1
4372,마리나,1
4373,마루,1
4374,리모델링,1
4375,로즈,1
4376,로즈마켓,1
4377,로컬,1
4378,로컬맛,1
4379,론,1
4380,롯데뮤지,1
4381,롯데백화점,1
4382,롯데칠성음료,1
4383,루,1
4384,류,1
4385,릉,1
4386,리미,1
4387,마로니에,1
4388,리미티드,1
4389,리브스,1
4390,리사이클,1
4391,리오넬,1
4392,리오늘,1
4393,리치,1
4394,리틀로즈,1
4395,리폼,1
4396,린,1
4397,마라톤대회,1
4398,마련코자,1
4399,문화적,1
4400,문화콘텐츠,1
4401,사건,1
4402,본사,1
4403,볼룸,1
4404,볼륨,1
4405,볼만,1
4406,봄기운,1
4407,봄밤,1
4408,봄철,1
4409,봉무,1
4410,봉사,1
4411,봉사동아리,1
4412,봉사자,1
4413,봉산문화회관,1
4414,봉수대,1
4415,봉포도,1
4416,봉행위원회,1
4417,봉행일,1
4418,봉화산,1
4419,부각,1
4420,부근,1
4421,부대행사인,1
4422,부마,1
4423,부마항쟁,1
4424,부분,1
4425,부산콘텐츠유니버시아드,1
4426,부스행사,1
4427,부에,1
4428,본질,1
4429,본부장,1
4430,문화한마당,1
4431,본무대인,1
4432,보급,1
4433,보기,1
4434,보내기,1
4435,보는,1
4436,보담,1
4437,보답,1
4438,보드,1
4439,보라매,1
4440,보라매공원,1
4441,보령,1
4442,보령시,1
4443,보름달,1
4444,보문,1
4445,보문호반,1
4446,보물,1
4447,보전,1
4448,보행,1
4449,보행길,1
4450,보호,1
4451,복수,1
4452,복원,1
4453,복주,1
4454,복지관,1
4455,본격,1
4456,본무,1
4457,부에노스,1
4458,부여군,1
4459,부장,1
4460,부장판사,1
4461,붕괴사고,1
4462,뷰어스,1
4463,브라스,1
4464,브랜드평판,1
4465,브런,1
4466,브릴리언트,1
4467,블라인드,1
4468,블랙,1
4469,블랙핑크,1
4470,블루,1
4471,비결,1
4472,비아,1
4473,비아페스티벌,1
4474,비어,1
4475,비어토크,1
4476,비용,1
4477,비전,1
4478,비축,1
4479,빅데이터,1
4480,빗물,1
4481,빚,1
4482,빵쇼,1
4483,쁘,1
4484,쁘띠북코,1
4485,사거리,1
4486,붕괴,1
4487,붐,1
4488,불음악축제,1
4489,북페어,1
4490,부제,1
4491,부천시,1
4492,부천지원,1
4493,부활,1
4494,북공연,1
4495,북단,1
4496,북로,1
4497,북쪽,1
4498,북측,1
4499,북측광장,1
4500,북페스티벌,1
4501,북한산,1
4502,불꽃쇼,1
4503,분단,1
4504,분량,1
4505,분로,1
4506,분석결과,1
4507,분수광장,1
4508,분향,1
4509,불,1
4510,불국,1
4511,불꽃곰신,1
4512,불꽃곰신페스티벌,1
4513,불꽃놀이라니,1
4514,병원,1
4515,별세,1
4516,별빛수국정원,1
4517,반디트라소,1
4518,민속음악,1
4519,민주,1
4520,민주화,1
4521,밀,1
4522,밀라노,1
4523,밀라노엑스포,1
4524,밋,1
4525,바,1
4526,바람,1
4527,바리,1
4528,바리스타,1
4529,바우,1
4530,바운스,1
4531,박겸수,1
4532,박낙규,1
4533,박명선,1
4534,박명수,1
4535,박사,1
4536,박석,1
4537,박석남,1
4538,박재,1
4539,박재순,1
4540,박종관,1
4541,박칼린,1
4542,반값,1
4543,민속놀이마당,1
4544,민드,1
4545,민간행사,1
4546,뮌헨,1
4547,문화홍보과,1
4548,물건,1
4549,물고기,1
4550,물론,1
4551,물빛,1
4552,물빛무대,1
4553,물싸움축제,1
4554,물의,1
4555,물축제,1
4556,물품구입,1
4557,물풍선싸움,1
4558,뮤,1
4559,민간,1
4560,뮤직카페,1
4561,미니,1
4562,미니앨범,1
4563,미디어후원사,1
4564,미세,1
4565,미세먼지,1
4566,미션,1
4567,미술장터,1
4568,미술주간,1
4569,미용,1
4570,믹,1
4571,반디,1
4572,반딧불,1
4573,별빛,1
4574,반려,1
4575,배수,1
4576,백성,1
4577,백일장,1
4578,백화,1
4579,백화산,1
4580,버넌스,1
4581,버섯,1
4582,버전,1
4583,번스,1
4584,번영,1
4585,번호,1
4586,벌룬,1
4587,벌식,1
4588,법인,1
4589,벚꽃길,1
4590,베,1
4591,베네치아,1
4592,베딩,1
4593,베스트,1
4594,베이,1
4595,벡,1
4596,벨,1
4597,벨트,1
4598,벼룩시장,1
4599,벽,1
4600,배꼬미,1
4601,배경,1
4602,밭,1
4603,발효,1
4604,반려동물,1
4605,반복,1
4606,반응,1
4607,반환점,1
4608,발,1
4609,발견,1
4610,발광,1
4611,발굴,1
4612,발길,1
4613,발언,1
4614,발행,1
4615,밥,1
4616,방탄소년단,1
4617,방문객,1
4618,방방,1
4619,방법,1
4620,방산,1
4621,방산기업,1
4622,방송인,1
4623,방안,1
4624,방지,1
4625,방지시설,1
4626,방콕,1
4627,방탄,1
4628,힙합뮤지션,1
